[{"model": "projects.testrailinstance", "pk": 1, "fields": {"host": "http://linux3216.wic.west.com/testrail", "username": "testrail@west.com", "password": "dQadQPZ1NrSwFEZsCNvm-1dGqYePkQ8KjKpn7.mKd"}}, {"model": "projects.testrailconfiguration", "pk": 15, "fields": {"instance": 1, "project_name": "ADT", "project_id": "74", "test_suite": "[\"Master\"]"}}, {"model": "projects.testrailconfiguration", "pk": 17, "fields": {"instance": 1, "project_name": "CVS DOTM", "project_id": "2", "test_suite": "[\"Master\"]"}}, {"model": "projects.testrailconfiguration", "pk": 18, "fields": {"instance": 1, "project_name": "test", "project_id": "6", "test_suite": "[\"one\", \"two\", \"three\", \"aoor import test\", \"Link Test Suite\", \"MN Test 5-31-16\", \"version2\", \"HAT Script Generation Testbed\", \"version1\", \"mary\"]"}}, {"model": "projects.testrailconfiguration", "pk": 19, "fields": {"instance": 1, "project_name": "Nationstar", "project_id": "53", "test_suite": "[\"Inbound - Nationstar- Phase II\", \"USAA\", \"Delete Me\"]"}}, {"model": "projects.testrailconfiguration", "pk": 20, "fields": {"instance": 1, "project_name": "Holly QA Test Project 2", "project_id": "10", "test_suite": "[\"Master\", \"SP1\"]"}}, {"model": "projects.testrailconfiguration", "pk": 21, "fields": {"instance": 1, "project_name": "AMC", "project_id": "44", "test_suite": "[\"Master\"]"}}, {"model": "projects.testrailconfiguration", "pk": 23, "fields": {"instance": 1, "project_name": "Comcast", "project_id": "66", "test_suite": "[\"SMS\", \"Inbound - EIVR For Comcast\"]"}}, {"model": "projects.testrailconfiguration", "pk": 24, "fields": {"instance": 1, "project_name": "BRMS", "project_id": "24", "test_suite": "[\"GIT Admin Tool\", \"Banking Test Project\"]"}}, {"model": "projects.testrailconfiguration", "pk": 29, "fields": {"instance": 1, "project_name": "Amex", "project_id": "55", "test_suite": "[\"Plenti Opt Out\", \"Rewards Plenti\", \"Rewards Plenti NL release\", \"AMEX-PreEnroll protected Card\", \"TelVista Call Center Transfer Integration\"]"}}, {"model": "projects.testrailconfiguration", "pk": 30, "fields": {"instance": 1, "project_name": "HAP/Health Alliance Plan", "project_id": "93", "test_suite": "[\"Phase 1A\"]"}}, {"model": "projects.catalogitem", "pk": 1, "fields": {"name": "Hosted Contact Center (HCC)", "parent": null, "description": ""}}, {"model": "projects.catalogitem", "pk": 2, "fields": {"name": "Managed Inbound IVR (IB IVR)", "parent": null, "description": ""}}, {"model": "projects.catalogitem", "pk": 3, "fields": {"name": "Managed Outbound Voice (OB Voice)", "parent": null, "description": ""}}, {"model": "projects.catalogitem", "pk": 4, "fields": {"name": "Managed Outbound SMS (SMS)", "parent": null, "description": ""}}, {"model": "projects.catalogitem", "pk": 5, "fields": {"name": "Managed Outbound Email (email)", "parent": null, "description": ""}}, {"model": "projects.catalogitem", "pk": 6, "fields": {"name": "Managed Preference (Pref)", "parent": null, "description": ""}}, {"model": "projects.catalogitem", "pk": 7, "fields": {"name": "SMS Assistant (SMSA)", "parent": null, "description": ""}}, {"model": "projects.catalogitem", "pk": 8, "fields": {"name": "Survey", "parent": null, "description": ""}}, {"model": "projects.catalogitem", "pk": 9, "fields": {"name": "West Secure", "parent": null, "description": ""}}, {"model": "projects.catalogitem", "pk": 10, "fields": {"name": "PaaS IB IVR", "parent": null, "description": ""}}, {"model": "projects.catalogitem", "pk": 11, "fields": {"name": "Professional Services (PS)", "parent": null, "description": ""}}, {"model": "projects.catalogitem", "pk": 12, "fields": {"name": "Platform", "parent": null, "description": ""}}, {"model": "projects.catalogitem", "pk": 13, "fields": {"name": "Security", "parent": null, "description": ""}}, {"model": "projects.catalogitem", "pk": 14, "fields": {"name": "VACD", "parent": 1, "description": ""}}, {"model": "projects.catalogitem", "pk": 15, "fields": {"name": "Inbound (VACD)", "parent": 14, "description": ""}}, {"model": "projects.catalogitem", "pk": 16, "fields": {"name": "Outbound - No Dialer (VACD)", "parent": 14, "description": ""}}, {"model": "projects.catalogitem", "pk": 17, "fields": {"name": "Client Access and Admin Tools (VACD)", "parent": 14, "description": ""}}, {"model": "projects.catalogitem", "pk": 18, "fields": {"name": "BI and Reports (VACD)", "parent": 14, "description": ""}}, {"model": "projects.catalogitem", "pk": 19, "fields": {"name": "NACD / Genesys", "parent": 1, "description": ""}}, {"model": "projects.catalogitem", "pk": 20, "fields": {"name": "Inbound (NACD/Genesys)", "parent": 19, "description": ""}}, {"model": "projects.catalogitem", "pk": 21, "fields": {"name": "Voice (Genesys)", "parent": 21, "description": ""}}, {"model": "projects.catalogitem", "pk": 22, "fields": {"name": "Chat (Genesys)", "parent": 21, "description": ""}}, {"model": "projects.catalogitem", "pk": 23, "fields": {"name": "SMS (Genesys)", "parent": 21, "description": ""}}, {"model": "projects.catalogitem", "pk": 24, "fields": {"name": "Email (Genesys)", "parent": 21, "description": ""}}, {"model": "projects.catalogitem", "pk": 25, "fields": {"name": "Fax (Genesys)", "parent": 21, "description": ""}}, {"model": "projects.catalogitem", "pk": 26, "fields": {"name": "e-services Routing (Genesys)", "parent": 21, "description": ""}}, {"model": "projects.catalogitem", "pk": 27, "fields": {"name": "Outbound w/ Dialer (Genesys)", "parent": 19, "description": ""}}, {"model": "projects.catalogitem", "pk": 28, "fields": {"name": "Conferencing (Genesys)", "parent": 19, "description": ""}}, {"model": "projects.catalogitem", "pk": 29, "fields": {"name": "Agent Call Recording (Genesys)", "parent": 19, "description": ""}}, {"model": "projects.catalogitem", "pk": 30, "fields": {"name": "Click2Call (Genesys)", "parent": 19, "description": ""}}, {"model": "projects.catalogitem", "pk": 31, "fields": {"name": "Click2Chat (Genesys)", "parent": 19, "description": ""}}, {"model": "projects.catalogitem", "pk": 32, "fields": {"name": "Email Routing (Genesys)", "parent": 19, "description": ""}}, {"model": "projects.catalogitem", "pk": 33, "fields": {"name": "Queuing (Genesys)", "parent": 19, "description": ""}}, {"model": "projects.catalogitem", "pk": 34, "fields": {"name": "Client Access and Admin Tools (Genesys)", "parent": 19, "description": ""}}, {"model": "projects.catalogitem", "pk": 35, "fields": {"name": "BI and Reports (Genesys)", "parent": 19, "description": ""}}, {"model": "projects.catalogitem", "pk": 36, "fields": {"name": "Languages - Recording (IB IVR)", "parent": 2, "description": ""}}, {"model": "projects.catalogitem", "pk": 37, "fields": {"name": "English (US) (IB IVR)", "parent": 39, "description": ""}}, {"model": "projects.catalogitem", "pk": 38, "fields": {"name": "English (UK) (IB IVR)", "parent": 39, "description": ""}}, {"model": "projects.catalogitem", "pk": 39, "fields": {"name": "Spanish (IB IVR)", "parent": 39, "description": ""}}, {"model": "projects.catalogitem", "pk": 40, "fields": {"name": "French Canadian (IB IVR)", "parent": 39, "description": ""}}, {"model": "projects.catalogitem", "pk": 41, "fields": {"name": "Modality (IB IVR)", "parent": 2, "description": ""}}, {"model": "projects.catalogitem", "pk": 42, "fields": {"name": "Text to Speech (TTS) (IB IVR)", "parent": 44, "description": ""}}, {"model": "projects.catalogitem", "pk": 43, "fields": {"name": "Touch Tone (DTMF) (IB IVR)", "parent": 44, "description": ""}}, {"model": "projects.catalogitem", "pk": 44, "fields": {"name": "Directed Dialog (ASR) (IB IVR)", "parent": 44, "description": ""}}, {"model": "projects.catalogitem", "pk": 45, "fields": {"name": "Strategic NL (Natural Language) (IB IVR)", "parent": 44, "description": ""}}, {"model": "projects.catalogitem", "pk": 46, "fields": {"name": "Dynamic Concatenation (IB IVR)", "parent": 44, "description": ""}}, {"model": "projects.catalogitem", "pk": 47, "fields": {"name": "2-digit (IB IVR)", "parent": 49, "description": ""}}, {"model": "projects.catalogitem", "pk": 48, "fields": {"name": "3-digit (IB IVR)", "parent": 49, "description": ""}}, {"model": "projects.catalogitem", "pk": 49, "fields": {"name": "Date (IB IVR)", "parent": 49, "description": ""}}, {"model": "projects.catalogitem", "pk": 50, "fields": {"name": "Time (IB IVR)", "parent": 49, "description": ""}}, {"model": "projects.catalogitem", "pk": 51, "fields": {"name": "Alphanumeric (IB IVR)", "parent": 49, "description": ""}}, {"model": "projects.catalogitem", "pk": 52, "fields": {"name": "Money (IB IVR)", "parent": 49, "description": ""}}, {"model": "projects.catalogitem", "pk": 53, "fields": {"name": "IVR Intelligence Features (IB IVR)", "parent": 2, "description": ""}}, {"model": "projects.catalogitem", "pk": 54, "fields": {"name": "ANI Learning", "parent": 56, "description": ""}}, {"model": "projects.catalogitem", "pk": 55, "fields": {"name": "Predictive Intent", "parent": 56, "description": ""}}, {"model": "projects.catalogitem", "pk": 56, "fields": {"name": "Call Recording - IVR", "parent": 2, "description": ""}}, {"model": "projects.catalogitem", "pk": 57, "fields": {"name": "Full Call Recording (IB IVR)", "parent": 59, "description": ""}}, {"model": "projects.catalogitem", "pk": 58, "fields": {"name": "Partial Call Recording (IB IVR)", "parent": 59, "description": ""}}, {"model": "projects.catalogitem", "pk": 59, "fields": {"name": "Voice Capture (IB IVR)", "parent": 59, "description": ""}}, {"model": "projects.catalogitem", "pk": 60, "fields": {"name": "Client Access (IB IVR)", "parent": 2, "description": ""}}, {"model": "projects.catalogitem", "pk": 61, "fields": {"name": "Administration (IB IVR)", "parent": 63, "description": ""}}, {"model": "projects.catalogitem", "pk": 62, "fields": {"name": "Broadcast Messaging (IB IVR)", "parent": 64, "description": ""}}, {"model": "projects.catalogitem", "pk": 63, "fields": {"name": "File Loads (IB IVR)", "parent": 64, "description": ""}}, {"model": "projects.catalogitem", "pk": 64, "fields": {"name": "Ad Hoc Message Loads (IB IVR)", "parent": 64, "description": ""}}, {"model": "projects.catalogitem", "pk": 65, "fields": {"name": "Hours of Operations (IB IVR)", "parent": 64, "description": ""}}, {"model": "projects.catalogitem", "pk": 66, "fields": {"name": "Toggles (IB IVR)", "parent": 64, "description": ""}}, {"model": "projects.catalogitem", "pk": 67, "fields": {"name": "On / Off Flows (ex. API's) (IB IVR)", "parent": 69, "description": ""}}, {"model": "projects.catalogitem", "pk": 68, "fields": {"name": "Phone Transfer Management (IB IVR)", "parent": 69, "description": ""}}, {"model": "projects.catalogitem", "pk": 69, "fields": {"name": "BI and Reports (IB IVR)", "parent": 2, "description": ""}}, {"model": "projects.catalogitem", "pk": 70, "fields": {"name": "Standard / Static Reports (IB IVR)", "parent": 72, "description": ""}}, {"model": "projects.catalogitem", "pk": 71, "fields": {"name": "Ad Hoc Reporting Capability (IB IVR)", "parent": 72, "description": ""}}, {"model": "projects.catalogitem", "pk": 72, "fields": {"name": "External Data Export  (IB IVR)", "parent": 72, "description": ""}}, {"model": "projects.catalogitem", "pk": 73, "fields": {"name": "Custom report (IB IVR)", "parent": 72, "description": ""}}, {"model": "projects.catalogitem", "pk": 74, "fields": {"name": "Custom Dynocat (IB IVR)", "parent": 49, "description": ""}}, {"model": "projects.catalogitem", "pk": 75, "fields": {"name": "Languages - Recording (OB Voice) ", "parent": 3, "description": ""}}, {"model": "projects.catalogitem", "pk": 76, "fields": {"name": "English (US) (OB Voice)", "parent": 78, "description": ""}}, {"model": "projects.catalogitem", "pk": 77, "fields": {"name": "English (UK) (OB Voice)", "parent": 78, "description": ""}}, {"model": "projects.catalogitem", "pk": 78, "fields": {"name": "Spanish (OB Voice)", "parent": 78, "description": ""}}, {"model": "projects.catalogitem", "pk": 79, "fields": {"name": "French Canadian (OB Voice)", "parent": 78, "description": ""}}, {"model": "projects.catalogitem", "pk": 80, "fields": {"name": "Other Language (OB Voice)", "parent": 78, "description": ""}}, {"model": "projects.catalogitem", "pk": 81, "fields": {"name": "ID and V (OB Voice)", "parent": 3, "description": ""}}, {"model": "projects.catalogitem", "pk": 82, "fields": {"name": "Right-Party Connect (RPC)", "parent": 84, "description": ""}}, {"model": "projects.catalogitem", "pk": 83, "fields": {"name": "Modality (RPC)", "parent": 85, "description": ""}}, {"model": "projects.catalogitem", "pk": 84, "fields": {"name": "Advanced Speech Recognition (ASR) (RPC)", "parent": 86, "description": ""}}, {"model": "projects.catalogitem", "pk": 85, "fields": {"name": "Touch Tone (DTMF) (RPC)", "parent": 86, "description": ""}}, {"model": "projects.catalogitem", "pk": 86, "fields": {"name": "Right-Party Verification (RPV)", "parent": 84, "description": ""}}, {"model": "projects.catalogitem", "pk": 87, "fields": {"name": "Account # (RPV)", "parent": 89, "description": ""}}, {"model": "projects.catalogitem", "pk": 88, "fields": {"name": "Date of Birth (RPV)", "parent": 89, "description": ""}}, {"model": "projects.catalogitem", "pk": 89, "fields": {"name": "SSN4 (RPV)", "parent": 89, "description": ""}}, {"model": "projects.catalogitem", "pk": 90, "fields": {"name": "SSN9 (RPV)", "parent": 89, "description": ""}}, {"model": "projects.catalogitem", "pk": 91, "fields": {"name": "Modality (RPV)", "parent": 89, "description": ""}}, {"model": "projects.catalogitem", "pk": 92, "fields": {"name": "Advanced Speech Recognition (ASR) (RPV)", "parent": 94, "description": ""}}, {"model": "projects.catalogitem", "pk": 93, "fields": {"name": "Touch Tone (DTMF) (RPV)", "parent": 94, "description": ""}}, {"model": "projects.catalogitem", "pk": 94, "fields": {"name": "Playback Method (OB Voice)", "parent": 3, "description": ""}}, {"model": "projects.catalogitem", "pk": 95, "fields": {"name": "TTS/Text-to-Speech Only (OB Voice)", "parent": 97, "description": ""}}, {"model": "projects.catalogitem", "pk": 96, "fields": {"name": "Dynamic Concatenation (OB Voice)", "parent": 97, "description": ""}}, {"model": "projects.catalogitem", "pk": 97, "fields": {"name": "2-digit  (OB Voice)", "parent": 99, "description": ""}}, {"model": "projects.catalogitem", "pk": 98, "fields": {"name": "3-digit (OB Voice)", "parent": 99, "description": ""}}, {"model": "projects.catalogitem", "pk": 99, "fields": {"name": "Date (OB Voice)", "parent": 99, "description": ""}}, {"model": "projects.catalogitem", "pk": 100, "fields": {"name": "Time (OB Voice)", "parent": 99, "description": ""}}, {"model": "projects.catalogitem", "pk": 101, "fields": {"name": "Alphanumeric (OB Voice)", "parent": 99, "description": ""}}, {"model": "projects.catalogitem", "pk": 102, "fields": {"name": "Money (OB Voice)", "parent": 99, "description": ""}}, {"model": "projects.catalogitem", "pk": 103, "fields": {"name": "Custom Dynocat (OB Voice)", "parent": 99, "description": ""}}, {"model": "projects.catalogitem", "pk": 104, "fields": {"name": "Options and Services (OB Voice) ", "parent": 3, "description": ""}}, {"model": "projects.catalogitem", "pk": 105, "fields": {"name": "Account Information (OB Voice)", "parent": 107, "description": ""}}, {"model": "projects.catalogitem", "pk": 106, "fields": {"name": "Account Past Due (OB Voice)", "parent": 108, "description": ""}}, {"model": "projects.catalogitem", "pk": 107, "fields": {"name": "Account Balance (OB Voice)", "parent": 108, "description": ""}}, {"model": "projects.catalogitem", "pk": 108, "fields": {"name": "Account Fraud (OB Voice)", "parent": 108, "description": ""}}, {"model": "projects.catalogitem", "pk": 109, "fields": {"name": "Card/Device/Account Expiration (OB Voice)", "parent": 108, "description": ""}}, {"model": "projects.catalogitem", "pk": 110, "fields": {"name": "Lost/Stolen Card (OB Voice)", "parent": 108, "description": ""}}, {"model": "projects.catalogitem", "pk": 111, "fields": {"name": "Update Account Information (OB Voice)", "parent": 108, "description": ""}}, {"model": "projects.catalogitem", "pk": 112, "fields": {"name": "Appointments (OB Voice)", "parent": 107, "description": ""}}, {"model": "projects.catalogitem", "pk": 113, "fields": {"name": "Appointment Reminder (OB Voice)", "parent": 115, "description": ""}}, {"model": "projects.catalogitem", "pk": 114, "fields": {"name": "Appointment Details Playback (OB Voice)", "parent": 115, "description": ""}}, {"model": "projects.catalogitem", "pk": 115, "fields": {"name": "Cancel Appointment (OB Voice)", "parent": 115, "description": ""}}, {"model": "projects.catalogitem", "pk": 116, "fields": {"name": "Confirm Appointment (OB Voice)", "parent": 115, "description": ""}}, {"model": "projects.catalogitem", "pk": 117, "fields": {"name": "Reschedule Appointment (OB Voice)", "parent": 115, "description": ""}}, {"model": "projects.catalogitem", "pk": 118, "fields": {"name": "Commercial Services (OB Voice)", "parent": 107, "description": ""}}, {"model": "projects.catalogitem", "pk": 119, "fields": {"name": "Alarm/Security Notifications (OB Voice)", "parent": 121, "description": ""}}, {"model": "projects.catalogitem", "pk": 120, "fields": {"name": "Update Phone/Contact Info (OB Voice)", "parent": 121, "description": ""}}, {"model": "projects.catalogitem", "pk": 121, "fields": {"name": "Utility Services (OB Voice)", "parent": 107, "description": ""}}, {"model": "projects.catalogitem", "pk": 122, "fields": {"name": "Outage Notification (OB Voice)", "parent": 124, "description": ""}}, {"model": "projects.catalogitem", "pk": 123, "fields": {"name": "Restoration Notification (OB Voice)", "parent": 124, "description": ""}}, {"model": "projects.catalogitem", "pk": 124, "fields": {"name": "Payments (OB Voice)", "parent": 107, "description": ""}}, {"model": "projects.catalogitem", "pk": 125, "fields": {"name": "Upcoming Payment Due Notification (OB Voice)", "parent": 127, "description": ""}}, {"model": "projects.catalogitem", "pk": 126, "fields": {"name": "Payment Past-Due Notification (OB Voice)", "parent": 127, "description": ""}}, {"model": "projects.catalogitem", "pk": 127, "fields": {"name": "Orders (OB Voice)", "parent": 107, "description": ""}}, {"model": "projects.catalogitem", "pk": 128, "fields": {"name": "Order Status / Tracking (OB Voice)", "parent": 130, "description": ""}}, {"model": "projects.catalogitem", "pk": 129, "fields": {"name": "Pharmacy (OB Voice)", "parent": 107, "description": ""}}, {"model": "projects.catalogitem", "pk": 130, "fields": {"name": "Rx Reminder (OB Voice)", "parent": 132, "description": ""}}, {"model": "projects.catalogitem", "pk": 131, "fields": {"name": "Rx Copay Reminder (OB Voice)", "parent": 132, "description": ""}}, {"model": "projects.catalogitem", "pk": 132, "fields": {"name": "Rx Refill Too Soon (OB Voice)", "parent": 132, "description": ""}}, {"model": "projects.catalogitem", "pk": 133, "fields": {"name": "Rx No Refill / Zero Refill Reminder (OB Voice)", "parent": 132, "description": ""}}, {"model": "projects.catalogitem", "pk": 134, "fields": {"name": "Auto Rx Refill Reminder (OB Voice)", "parent": 132, "description": ""}}, {"model": "projects.catalogitem", "pk": 135, "fields": {"name": "No Refill Doctor Call (OB Voice)", "parent": 132, "description": ""}}, {"model": "projects.catalogitem", "pk": 136, "fields": {"name": "Appointment Confirmation (OB Voice)", "parent": 132, "description": ""}}, {"model": "projects.catalogitem", "pk": 137, "fields": {"name": "Ready for Pickup / Order Ready (OB Voice)", "parent": 132, "description": ""}}, {"model": "projects.catalogitem", "pk": 138, "fields": {"name": "Order Ready - Return to Stock (OB Voice)", "parent": 132, "description": ""}}, {"model": "projects.catalogitem", "pk": 139, "fields": {"name": "Seasonal Allergy (OB Voice)", "parent": 132, "description": ""}}, {"model": "projects.catalogitem", "pk": 140, "fields": {"name": "Medication Reminder (OB Voice)", "parent": 132, "description": ""}}, {"model": "projects.catalogitem", "pk": 141, "fields": {"name": "Client Access and Administration (OB Voice)", "parent": 3, "description": ""}}, {"model": "projects.catalogitem", "pk": 142, "fields": {"name": "Administration (OB Voice)", "parent": 144, "description": ""}}, {"model": "projects.catalogitem", "pk": 143, "fields": {"name": "Ad Hoc Message Loads (OB Voice)", "parent": 145, "description": ""}}, {"model": "projects.catalogitem", "pk": 144, "fields": {"name": "Calling Window  (OB Voice)", "parent": 145, "description": ""}}, {"model": "projects.catalogitem", "pk": 145, "fields": {"name": "Toggles (OB Voice)", "parent": 144, "description": ""}}, {"model": "projects.catalogitem", "pk": 146, "fields": {"name": "On / Off Flows (ex. API's) (OB Voice)", "parent": 148, "description": ""}}, {"model": "projects.catalogitem", "pk": 147, "fields": {"name": "Phone Transfer Management (OB Voice)", "parent": 148, "description": ""}}, {"model": "projects.catalogitem", "pk": 148, "fields": {"name": "BI and Reports (OB Voice)", "parent": 3, "description": ""}}, {"model": "projects.catalogitem", "pk": 149, "fields": {"name": "Standard / Static Reports (OB Voice)", "parent": 151, "description": ""}}, {"model": "projects.catalogitem", "pk": 150, "fields": {"name": "Ad Hoc Reporting Capability (OB Voice)", "parent": 151, "description": ""}}, {"model": "projects.catalogitem", "pk": 151, "fields": {"name": "External Data Export (export data to client) (OB Voice)", "parent": 151, "description": ""}}, {"model": "projects.catalogitem", "pk": 152, "fields": {"name": "Custom report (OB Voice)", "parent": 151, "description": ""}}, {"model": "projects.catalogitem", "pk": 153, "fields": {"name": "Campaign Management (OB Voice)", "parent": 3, "description": ""}}, {"model": "projects.catalogitem", "pk": 154, "fields": {"name": "Cell Phone Scrubbing (OB Voice)", "parent": 156, "description": ""}}, {"model": "projects.catalogitem", "pk": 155, "fields": {"name": "Transfer Support (OB Voice)", "parent": 156, "description": ""}}, {"model": "projects.catalogitem", "pk": 156, "fields": {"name": "Pacing Requirements  (OB Voice)", "parent": 156, "description": ""}}, {"model": "projects.catalogitem", "pk": 157, "fields": {"name": "Options and Services (1-way Notification) (SMS1)", "parent": 4, "description": ""}}, {"model": "projects.catalogitem", "pk": 158, "fields": {"name": "Commercial Services (SMS1)", "parent": 160, "description": ""}}, {"model": "projects.catalogitem", "pk": 159, "fields": {"name": "Alarm/Security Notifications (SMS1)", "parent": 161, "description": ""}}, {"model": "projects.catalogitem", "pk": 160, "fields": {"name": "Update Phone/Contact Info (SMS1)", "parent": 161, "description": ""}}, {"model": "projects.catalogitem", "pk": 161, "fields": {"name": "Utility Services (SMS1)", "parent": 160, "description": ""}}, {"model": "projects.catalogitem", "pk": 162, "fields": {"name": "Outage Notification (SMS1)", "parent": 164, "description": ""}}, {"model": "projects.catalogitem", "pk": 163, "fields": {"name": "Restoration Notification (SMS1)", "parent": 164, "description": ""}}, {"model": "projects.catalogitem", "pk": 164, "fields": {"name": "Payments (SMS1)", "parent": 160, "description": ""}}, {"model": "projects.catalogitem", "pk": 165, "fields": {"name": "Upcoming Payment Due Notification (SMS1)", "parent": 167, "description": ""}}, {"model": "projects.catalogitem", "pk": 166, "fields": {"name": "Payment Past-Due Notification (SMS1)", "parent": 167, "description": ""}}, {"model": "projects.catalogitem", "pk": 167, "fields": {"name": "Make a Payment (SMS)", "parent": 127, "description": ""}}, {"model": "projects.catalogitem", "pk": 168, "fields": {"name": "Orders (SMS1)", "parent": 160, "description": ""}}, {"model": "projects.catalogitem", "pk": 169, "fields": {"name": "Order Status / Tracking (SMS1)", "parent": 171, "description": ""}}, {"model": "projects.catalogitem", "pk": 170, "fields": {"name": " Pay-Per-View Services (SMS1)", "parent": 160, "description": ""}}, {"model": "projects.catalogitem", "pk": 171, "fields": {"name": " Order PPV / Sporting Event (SMS1)", "parent": 173, "description": ""}}, {"model": "projects.catalogitem", "pk": 172, "fields": {"name": "Pharmacy (SMS)", "parent": 160, "description": ""}}, {"model": "projects.catalogitem", "pk": 173, "fields": {"name": "Rx Reminder (SMS)", "parent": 175, "description": ""}}, {"model": "projects.catalogitem", "pk": 174, "fields": {"name": "Rx Copay Reminder (SMS)", "parent": 175, "description": ""}}, {"model": "projects.catalogitem", "pk": 175, "fields": {"name": "Rx Refill Too Soon (SMS)", "parent": 175, "description": ""}}, {"model": "projects.catalogitem", "pk": 176, "fields": {"name": "Rx No Refill / Zero Refill Reminder (SMS)", "parent": 175, "description": ""}}, {"model": "projects.catalogitem", "pk": 177, "fields": {"name": "Auto Rx Refill Reminder (SMS)", "parent": 175, "description": ""}}, {"model": "projects.catalogitem", "pk": 178, "fields": {"name": "No Refill Doctor Call (SMS)", "parent": 175, "description": ""}}, {"model": "projects.catalogitem", "pk": 179, "fields": {"name": "Appointment Confirmation (SMS)", "parent": 132, "description": ""}}, {"model": "projects.catalogitem", "pk": 180, "fields": {"name": "Ready for Pickup / Order Ready (SMS)", "parent": 175, "description": ""}}, {"model": "projects.catalogitem", "pk": 181, "fields": {"name": "Order Ready - Return to Stock (SMS)", "parent": 175, "description": ""}}, {"model": "projects.catalogitem", "pk": 182, "fields": {"name": "Seasonal Allergy (SMS)", "parent": 175, "description": ""}}, {"model": "projects.catalogitem", "pk": 183, "fields": {"name": "Medication Reminder (SMS)", "parent": 175, "description": ""}}, {"model": "projects.catalogitem", "pk": 184, "fields": {"name": "Additional Options and Services (SMS1)", "parent": 160, "description": ""}}, {"model": "projects.catalogitem", "pk": 185, "fields": {"name": "Text link to client website (SMS1)", "parent": 187, "description": ""}}, {"model": "projects.catalogitem", "pk": 186, "fields": {"name": "Text link to client mobile app (SMS1)", "parent": 187, "description": ""}}, {"model": "projects.catalogitem", "pk": 187, "fields": {"name": "Dealer Locator (SMS1)", "parent": 187, "description": ""}}, {"model": "projects.catalogitem", "pk": 188, "fields": {"name": "SMS Program Administration", "parent": 4, "description": ""}}, {"model": "projects.catalogitem", "pk": 189, "fields": {"name": "Audit Support (SMS)", "parent": 191, "description": ""}}, {"model": "projects.catalogitem", "pk": 190, "fields": {"name": "Program Brief Submission (SMS)", "parent": 191, "description": ""}}, {"model": "projects.catalogitem", "pk": 191, "fields": {"name": "Short Code Procurement (SMS)", "parent": 191, "description": ""}}, {"model": "projects.catalogitem", "pk": 192, "fields": {"name": "Subscription Management (SMS)", "parent": 191, "description": ""}}, {"model": "projects.catalogitem", "pk": 193, "fields": {"name": "Countries (SMS)", "parent": 191, "description": ""}}, {"model": "projects.catalogitem", "pk": 194, "fields": {"name": "SMS Text Language", "parent": 4, "description": ""}}, {"model": "projects.catalogitem", "pk": 195, "fields": {"name": "English (SMS)", "parent": 197, "description": ""}}, {"model": "projects.catalogitem", "pk": 196, "fields": {"name": "Spanish (SMS)", "parent": 197, "description": ""}}, {"model": "projects.catalogitem", "pk": 197, "fields": {"name": "French Canadian (SMS)", "parent": 197, "description": ""}}, {"model": "projects.catalogitem", "pk": 198, "fields": {"name": "Other Language (SMS)", "parent": 197, "description": ""}}, {"model": "projects.catalogitem", "pk": 199, "fields": {"name": "BI and Reports (SMS)", "parent": 4, "description": ""}}, {"model": "projects.catalogitem", "pk": 200, "fields": {"name": "Standard / Static Reports (SMS)", "parent": 202, "description": ""}}, {"model": "projects.catalogitem", "pk": 201, "fields": {"name": "Ad Hoc Reporting Capability (SMS)", "parent": 202, "description": ""}}, {"model": "projects.catalogitem", "pk": 202, "fields": {"name": "External Data Export (SMS)", "parent": 202, "description": ""}}, {"model": "projects.catalogitem", "pk": 203, "fields": {"name": "Custom Report (SMS)", "parent": 202, "description": ""}}, {"model": "projects.catalogitem", "pk": 204, "fields": {"name": "Message Templates (email)", "parent": 5, "description": ""}}, {"model": "projects.catalogitem", "pk": 205, "fields": {"name": "Tracking (email)", "parent": 5, "description": ""}}, {"model": "projects.catalogitem", "pk": 206, "fields": {"name": "Options and Services (email)", "parent": 5, "description": ""}}, {"model": "projects.catalogitem", "pk": 207, "fields": {"name": "BI and Reports (email)", "parent": 5, "description": ""}}, {"model": "projects.catalogitem", "pk": 208, "fields": {"name": "Standard / Static Reports (email)", "parent": 210, "description": ""}}, {"model": "projects.catalogitem", "pk": 209, "fields": {"name": "Ad Hoc Reporting Capability (email)", "parent": 210, "description": ""}}, {"model": "projects.catalogitem", "pk": 210, "fields": {"name": "External Data Export (email)", "parent": 210, "description": ""}}, {"model": "projects.catalogitem", "pk": 211, "fields": {"name": "Custom Report (email)", "parent": 210, "description": ""}}, {"model": "projects.catalogitem", "pk": 212, "fields": {"name": "Managed Outbound Fax (Fax)", "parent": null, "description": ""}}, {"model": "projects.catalogitem", "pk": 213, "fields": {"name": "Options and Services (Fax)", "parent": 215, "description": ""}}, {"model": "projects.catalogitem", "pk": 214, "fields": {"name": "Complaint/Report Issue (Fax)", "parent": 216, "description": ""}}, {"model": "projects.catalogitem", "pk": 215, "fields": {"name": "Disputes (Fax)", "parent": 216, "description": ""}}, {"model": "projects.catalogitem", "pk": 216, "fields": {"name": "FAQs / General Information (Fax)", "parent": 216, "description": ""}}, {"model": "projects.catalogitem", "pk": 217, "fields": {"name": "Membership Enrollment (Fax)", "parent": 216, "description": ""}}, {"model": "projects.catalogitem", "pk": 218, "fields": {"name": "Points Redemption (Fax)", "parent": 216, "description": ""}}, {"model": "projects.catalogitem", "pk": 219, "fields": {"name": "Request Bill/Invoice (Fax)", "parent": 216, "description": ""}}, {"model": "projects.catalogitem", "pk": 220, "fields": {"name": "Returns (Fax)", "parent": 216, "description": ""}}, {"model": "projects.catalogitem", "pk": 221, "fields": {"name": "Survey (Fax)", "parent": 216, "description": ""}}, {"model": "projects.catalogitem", "pk": 222, "fields": {"name": "Technical Support (Fax)", "parent": 216, "description": ""}}, {"model": "projects.catalogitem", "pk": 223, "fields": {"name": "*SCALE ISSUES (Fax)", "parent": 216, "description": ""}}, {"model": "projects.catalogitem", "pk": 224, "fields": {"name": "BI and Reports (Fax)", "parent": 215, "description": ""}}, {"model": "projects.catalogitem", "pk": 225, "fields": {"name": "Standard / Static Reports (Fax)", "parent": 227, "description": ""}}, {"model": "projects.catalogitem", "pk": 226, "fields": {"name": "Ad Hoc Reporting Capability (Fax)", "parent": 227, "description": ""}}, {"model": "projects.catalogitem", "pk": 227, "fields": {"name": "External Data Export (Fax)", "parent": 227, "description": ""}}, {"model": "projects.catalogitem", "pk": 228, "fields": {"name": "Custom Report (Fax)", "parent": 227, "description": ""}}, {"model": "projects.catalogitem", "pk": 229, "fields": {"name": "Pref Choice 3.0 (Product UI) (Pref)", "parent": 6, "description": ""}}, {"model": "projects.catalogitem", "pk": 230, "fields": {"name": "Preference Types (Pref)", "parent": 6, "description": ""}}, {"model": "projects.catalogitem", "pk": 231, "fields": {"name": "Unique Key  (Pref)", "parent": 6, "description": ""}}, {"model": "projects.catalogitem", "pk": 232, "fields": {"name": "Reporting (Pref)", "parent": 6, "description": ""}}, {"model": "projects.catalogitem", "pk": 233, "fields": {"name": "Pub/Sub Requirements (Pref)", "parent": 6, "description": ""}}, {"model": "projects.catalogitem", "pk": 234, "fields": {"name": "Admin Interface (Pref)", "parent": 6, "description": ""}}, {"model": "projects.catalogitem", "pk": 235, "fields": {"name": " Channels (Pref)", "parent": 6, "description": ""}}, {"model": "projects.catalogitem", "pk": 236, "fields": {"name": "IVR (Pref)", "parent": 238, "description": ""}}, {"model": "projects.catalogitem", "pk": 237, "fields": {"name": "Web (Pref)", "parent": 238, "description": ""}}, {"model": "projects.catalogitem", "pk": 238, "fields": {"name": "Mobile (Pref)", "parent": 238, "description": ""}}, {"model": "projects.catalogitem", "pk": 239, "fields": {"name": "Email (Pref)", "parent": 238, "description": ""}}, {"model": "projects.catalogitem", "pk": 240, "fields": {"name": "SMS (Pref)", "parent": 238, "description": ""}}, {"model": "projects.catalogitem", "pk": 241, "fields": {"name": "BI and Reports (Pref)", "parent": 6, "description": ""}}, {"model": "projects.catalogitem", "pk": 242, "fields": {"name": "Standard / Static Reports (Pref)", "parent": 244, "description": ""}}, {"model": "projects.catalogitem", "pk": 243, "fields": {"name": "Ad Hoc Reporting Capability (Pref)", "parent": 244, "description": ""}}, {"model": "projects.catalogitem", "pk": 244, "fields": {"name": "External Data Export (Pref)", "parent": 244, "description": ""}}, {"model": "projects.catalogitem", "pk": 245, "fields": {"name": "Custom Report (Pref)", "parent": 244, "description": ""}}, {"model": "projects.catalogitem", "pk": 246, "fields": {"name": "BI and Reports (SMSA)", "parent": 7, "description": ""}}, {"model": "projects.catalogitem", "pk": 247, "fields": {"name": "Standard / Static Reports (SMSA)", "parent": 249, "description": ""}}, {"model": "projects.catalogitem", "pk": 248, "fields": {"name": "Ad Hoc Reporting Capability (SMSA)", "parent": 249, "description": ""}}, {"model": "projects.catalogitem", "pk": 249, "fields": {"name": "External Data Export (SMSA)", "parent": 7, "description": ""}}, {"model": "projects.catalogitem", "pk": 250, "fields": {"name": "Custom Report (SMSA)", "parent": 249, "description": ""}}, {"model": "projects.catalogitem", "pk": 251, "fields": {"name": "Survey Type: Inbound IVR Post-Call", "parent": 8, "description": ""}}, {"model": "projects.catalogitem", "pk": 252, "fields": {"name": "Survey Format", "parent": 8, "description": ""}}, {"model": "projects.catalogitem", "pk": 253, "fields": {"name": "Languages - Recording (Survey)", "parent": 8, "description": ""}}, {"model": "projects.catalogitem", "pk": 254, "fields": {"name": "English (US) (Survey)", "parent": 262, "description": ""}}, {"model": "projects.catalogitem", "pk": 255, "fields": {"name": "English (UK) (Survey)", "parent": 262, "description": ""}}, {"model": "projects.catalogitem", "pk": 256, "fields": {"name": "Spanish (Survey)", "parent": 262, "description": ""}}, {"model": "projects.catalogitem", "pk": 257, "fields": {"name": "French Canadian (Survey)", "parent": 262, "description": ""}}, {"model": "projects.catalogitem", "pk": 258, "fields": {"name": "Survey Type: Outbound Voice Post-Call", "parent": 8, "description": ""}}, {"model": "projects.catalogitem", "pk": 259, "fields": {"name": "IVR Customer Satisfaction (Survey)", "parent": 254, "description": ""}}, {"model": "projects.catalogitem", "pk": 260, "fields": {"name": "Live Agent Customer Satisfaction (Survey)", "parent": 254, "description": ""}}, {"model": "projects.catalogitem", "pk": 261, "fields": {"name": "Integrate Survey Results with Agent Data (Survey)", "parent": 8, "description": ""}}, {"model": "projects.catalogitem", "pk": 262, "fields": {"name": "FTP / SFTP (Survey)", "parent": 8, "description": ""}}, {"model": "projects.catalogitem", "pk": 263, "fields": {"name": "Web Services / APIs (Survey)", "parent": 8, "description": ""}}, {"model": "projects.catalogitem", "pk": 264, "fields": {"name": "Post-Service Customer Satisfaction ", "parent": 267, "description": ""}}, {"model": "projects.catalogitem", "pk": 265, "fields": {"name": "BI and Reports (Survey)", "parent": 8, "description": ""}}, {"model": "projects.catalogitem", "pk": 266, "fields": {"name": "Standard / Static Reports (Survey)", "parent": 274, "description": ""}}, {"model": "projects.catalogitem", "pk": 267, "fields": {"name": "Ad Hoc Reporting Capability (Survey)", "parent": 274, "description": ""}}, {"model": "projects.catalogitem", "pk": 268, "fields": {"name": "External Data Export (Survey)", "parent": 274, "description": ""}}, {"model": "projects.catalogitem", "pk": 269, "fields": {"name": "Custom Report (Survey)", "parent": 274, "description": ""}}, {"model": "projects.catalogitem", "pk": 270, "fields": {"name": "West Secure / Advanced PCI (Magnetic North)", "parent": 9, "description": ""}}, {"model": "projects.catalogitem", "pk": 271, "fields": {"name": "CallGuard (Eckoh)", "parent": 9, "description": ""}}, {"model": "projects.catalogitem", "pk": 272, "fields": {"name": "Professional Services Offerings", "parent": 11, "description": ""}}, {"model": "projects.catalogitem", "pk": 273, "fields": {"name": "Persona Definition / Professional Voice Talent", "parent": 281, "description": ""}}, {"model": "projects.catalogitem", "pk": 274, "fields": {"name": "Client Voice Recordings / WAV Files", "parent": 281, "description": ""}}, {"model": "projects.catalogitem", "pk": 275, "fields": {"name": "Music / Earcons", "parent": 281, "description": ""}}, {"model": "projects.catalogitem", "pk": 276, "fields": {"name": "User Interface Design (UID)", "parent": 281, "description": ""}}, {"model": "projects.catalogitem", "pk": 277, "fields": {"name": "Transcription Services (VCAP)", "parent": 281, "description": ""}}, {"model": "projects.catalogitem", "pk": 278, "fields": {"name": "Grammars **Required for ASR and NL", "parent": 11, "description": ""}}, {"model": "projects.catalogitem", "pk": 279, "fields": {"name": "Development (Grammars)", "parent": 287, "description": ""}}, {"model": "projects.catalogitem", "pk": 280, "fields": {"name": "Tuning (Grammars)", "parent": 287, "description": ""}}, {"model": "projects.catalogitem", "pk": 281, "fields": {"name": "New/Recurring Grammar Development", "parent": 287, "description": ""}}, {"model": "projects.catalogitem", "pk": 282, "fields": {"name": "Speech Science Services", "parent": 11, "description": ""}}, {"model": "projects.catalogitem", "pk": 283, "fields": {"name": "NL Utterance Analysis/Intake", "parent": 291, "description": ""}}, {"model": "projects.catalogitem", "pk": 284, "fields": {"name": "NL Grammar Development", "parent": 291, "description": ""}}, {"model": "projects.catalogitem", "pk": 285, "fields": {"name": "Usability", "parent": 11, "description": ""}}, {"model": "projects.catalogitem", "pk": 286, "fields": {"name": "WOZ (pre-dev)", "parent": 294, "description": ""}}, {"model": "projects.catalogitem", "pk": 287, "fields": {"name": "Traffic Light (post-dev)", "parent": 294, "description": ""}}, {"model": "projects.catalogitem", "pk": 288, "fields": {"name": "Agent Roundtable and Call Center Assessment", "parent": 294, "description": ""}}, {"model": "projects.catalogitem", "pk": 289, "fields": {"name": "Customer Focus Group", "parent": 294, "description": ""}}, {"model": "projects.catalogitem", "pk": 290, "fields": {"name": "Incremental Traffic Light (Traffic Lite)", "parent": 294, "description": ""}}, {"model": "projects.catalogitem", "pk": 291, "fields": {"name": "Incremental Tuning Analysis", "parent": 294, "description": ""}}, {"model": "projects.catalogitem", "pk": 292, "fields": {"name": "Training", "parent": 11, "description": ""}}, {"model": "projects.catalogitem", "pk": 293, "fields": {"name": "User Guides", "parent": 301, "description": ""}}, {"model": "projects.catalogitem", "pk": 294, "fields": {"name": "Virtual Train the Trainer Session", "parent": 301, "description": ""}}, {"model": "projects.catalogitem", "pk": 295, "fields": {"name": "Host Interface", "parent": 12, "description": ""}}, {"model": "projects.catalogitem", "pk": 296, "fields": {"name": "West initiated Web Services (outgoing to Client)", "parent": 304, "description": ""}}, {"model": "projects.catalogitem", "pk": 297, "fields": {"name": "Client initiated Web Services (incoming to West)", "parent": 304, "description": ""}}, {"model": "projects.catalogitem", "pk": 298, "fields": {"name": "Soap", "parent": 304, "description": ""}}, {"model": "projects.catalogitem", "pk": 299, "fields": {"name": "Restful", "parent": 304, "description": ""}}, {"model": "projects.catalogitem", "pk": 300, "fields": {"name": "Custom Host Interface", "parent": 304, "description": ""}}, {"model": "projects.catalogitem", "pk": 301, "fields": {"name": "Integration to Existing Vendors ", "parent": 304, "description": ""}}, {"model": "projects.catalogitem", "pk": 302, "fields": {"name": "First Data (Payments)", "parent": 310, "description": ""}}, {"model": "projects.catalogitem", "pk": 303, "fields": {"name": "EPIC (Healthcare)", "parent": 310, "description": ""}}, {"model": "projects.catalogitem", "pk": 304, "fields": {"name": "FedEx (Shipping)", "parent": 310, "description": ""}}, {"model": "projects.catalogitem", "pk": 305, "fields": {"name": "UPS (Shipping)", "parent": 310, "description": ""}}, {"model": "projects.catalogitem", "pk": 306, "fields": {"name": "Adobe Analytics", "parent": 310, "description": ""}}, {"model": "projects.catalogitem", "pk": 307, "fields": {"name": "Network Connectivity", "parent": 12, "description": ""}}, {"model": "projects.catalogitem", "pk": 308, "fields": {"name": "HTTPS", "parent": 316, "description": ""}}, {"model": "projects.catalogitem", "pk": 309, "fields": {"name": "VPN", "parent": 316, "description": ""}}, {"model": "projects.catalogitem", "pk": 310, "fields": {"name": "MPLS Circuits", "parent": 316, "description": ""}}, {"model": "projects.catalogitem", "pk": 311, "fields": {"name": "Client Provided (MPLS)", "parent": 319, "description": ""}}, {"model": "projects.catalogitem", "pk": 312, "fields": {"name": "West IP Provided (MPLS)", "parent": 319, "description": ""}}, {"model": "projects.catalogitem", "pk": 313, "fields": {"name": "Ingress", "parent": 12, "description": ""}}, {"model": "projects.catalogitem", "pk": 314, "fields": {"name": "Bridged (IP Only)", "parent": 322, "description": ""}}, {"model": "projects.catalogitem", "pk": 315, "fields": {"name": "Inbound (SIP)", "parent": 322, "description": ""}}, {"model": "projects.catalogitem", "pk": 316, "fields": {"name": "Refer", "parent": 324, "description": ""}}, {"model": "projects.catalogitem", "pk": 317, "fields": {"name": "Invite (Inbound SIP)", "parent": 324, "description": ""}}, {"model": "projects.catalogitem", "pk": 318, "fields": {"name": "Redirect", "parent": 324, "description": ""}}, {"model": "projects.catalogitem", "pk": 319, "fields": {"name": "Dedicated Connectivity (SIP)", "parent": 322, "description": ""}}, {"model": "projects.catalogitem", "pk": 320, "fields": {"name": "Invite (Dedicated)", "parent": 328, "description": ""}}, {"model": "projects.catalogitem", "pk": 321, "fields": {"name": "Carriers", "parent": 322, "description": ""}}, {"model": "projects.catalogitem", "pk": 322, "fields": {"name": "ATT", "parent": 330, "description": ""}}, {"model": "projects.catalogitem", "pk": 323, "fields": {"name": "Century Link", "parent": 330, "description": ""}}, {"model": "projects.catalogitem", "pk": 324, "fields": {"name": "Level 3", "parent": 330, "description": ""}}, {"model": "projects.catalogitem", "pk": 325, "fields": {"name": "Sprint", "parent": 330, "description": ""}}, {"model": "projects.catalogitem", "pk": 326, "fields": {"name": "Verizon", "parent": 330, "description": ""}}, {"model": "projects.catalogitem", "pk": 327, "fields": {"name": "West IP", "parent": 330, "description": ""}}, {"model": "projects.catalogitem", "pk": 328, "fields": {"name": "Incoming Number(s) Type", "parent": 322, "description": ""}}, {"model": "projects.catalogitem", "pk": 329, "fields": {"name": "Toll-free (TFN)", "parent": 337, "description": ""}}, {"model": "projects.catalogitem", "pk": 330, "fields": {"name": "Toll/Local", "parent": 337, "description": ""}}, {"model": "projects.catalogitem", "pk": 331, "fields": {"name": "Special Features - Transfers", "parent": 322, "description": ""}}, {"model": "projects.catalogitem", "pk": 332, "fields": {"name": "Conference and Transfer / TDM", "parent": 340, "description": ""}}, {"model": "projects.catalogitem", "pk": 333, "fields": {"name": "Consult and Transfer / TDM", "parent": 340, "description": ""}}, {"model": "projects.catalogitem", "pk": 334, "fields": {"name": "Courtesy / TDM / Blind", "parent": 340, "description": ""}}, {"model": "projects.catalogitem", "pk": 335, "fields": {"name": "Egress", "parent": 12, "description": ""}}, {"model": "projects.catalogitem", "pk": 336, "fields": {"name": "Outbound (SIP)", "parent": 344, "description": ""}}, {"model": "projects.catalogitem", "pk": 337, "fields": {"name": "Refer (SIP)", "parent": 345, "description": ""}}, {"model": "projects.catalogitem", "pk": 338, "fields": {"name": "Relay (SIP)", "parent": 345, "description": ""}}, {"model": "projects.catalogitem", "pk": 339, "fields": {"name": "Sonus Managed Services (SBC)", "parent": 345, "description": ""}}, {"model": "projects.catalogitem", "pk": 340, "fields": {"name": "Routing and Data Pass", "parent": 12, "description": ""}}, {"model": "projects.catalogitem", "pk": 341, "fields": {"name": "ANI Manipulation", "parent": 349, "description": ""}}, {"model": "projects.catalogitem", "pk": 342, "fields": {"name": "Genesys Routing (NACD)", "parent": 349, "description": ""}}, {"model": "projects.catalogitem", "pk": 343, "fields": {"name": "Holly CTI Gateway (HCG)", "parent": 349, "description": ""}}, {"model": "projects.catalogitem", "pk": 344, "fields": {"name": "ICM Routing (Avaya)", "parent": 349, "description": ""}}, {"model": "projects.catalogitem", "pk": 345, "fields": {"name": "SIP Header", "parent": 349, "description": ""}}, {"model": "projects.catalogitem", "pk": 346, "fields": {"name": "UUI (ATT only)", "parent": 349, "description": ""}}, {"model": "projects.catalogitem", "pk": 347, "fields": {"name": "Screen Pop/Data Pass", "parent": 12, "description": ""}}, {"model": "projects.catalogitem", "pk": 348, "fields": {"name": "ucce", "parent": 356, "description": ""}}, {"model": "projects.catalogitem", "pk": 349, "fields": {"name": "GTmux", "parent": 356, "description": ""}}, {"model": "projects.catalogitem", "pk": 350, "fields": {"name": "HCG", "parent": 356, "description": ""}}, {"model": "projects.catalogitem", "pk": 351, "fields": {"name": "Whisper Tones", "parent": 356, "description": ""}}, {"model": "projects.catalogitem", "pk": 352, "fields": {"name": "Utility Specific Platform Offerings", "parent": 12, "description": ""}}, {"model": "projects.catalogitem", "pk": 353, "fields": {"name": "MARS (Mutual Assistance Routing System)", "parent": 361, "description": ""}}, {"model": "projects.catalogitem", "pk": 354, "fields": {"name": "HVCA (High Call Volume Answer - Outage)", "parent": 361, "description": ""}}, {"model": "projects.catalogitem", "pk": 355, "fields": {"name": "West Connect", "parent": 12, "description": ""}}, {"model": "projects.catalogitem", "pk": 356, "fields": {"name": "Context Service", "parent": 364, "description": ""}}, {"model": "projects.catalogitem", "pk": 357, "fields": {"name": "Secure Data Consulting", "parent": 13, "description": ""}}, {"model": "projects.catalogitem", "pk": 358, "fields": {"name": "PII (Personally Identifiable Information)", "parent": 366, "description": ""}}, {"model": "projects.catalogitem", "pk": 359, "fields": {"name": "PCI (Payment Card Industry)", "parent": 366, "description": ""}}, {"model": "projects.catalogitem", "pk": 360, "fields": {"name": "ePHI / HIPAA (Electronic Protected Health Information)", "parent": 366, "description": ""}}, {"model": "projects.catalogitem", "pk": 361, "fields": {"name": "Secure Data Transport Consulting", "parent": 13, "description": ""}}, {"model": "projects.catalogitem", "pk": 362, "fields": {"name": "West SFTP Posting", "parent": 370, "description": ""}}, {"model": "projects.catalogitem", "pk": 363, "fields": {"name": "Client SFTP Posting", "parent": 370, "description": ""}}, {"model": "projects.catalogitem", "pk": 364, "fields": {"name": "West PGP Key", "parent": 370, "description": ""}}, {"model": "projects.catalogitem", "pk": 365, "fields": {"name": "Client PGP Key", "parent": 370, "description": ""}}, {"model": "projects.catalogitem", "pk": 366, "fields": {"name": "Data Masking", "parent": 370, "description": ""}}, {"model": "projects.catalogitem", "pk": 367, "fields": {"name": "Vulnerability Management", "parent": 13, "description": ""}}, {"model": "projects.catalogitem", "pk": 368, "fields": {"name": "Vulnerability Scanning", "parent": 376, "description": ""}}, {"model": "projects.catalogitem", "pk": 369, "fields": {"name": "Penetration Testing", "parent": 376, "description": ""}}, {"model": "projects.catalogitem", "pk": 370, "fields": {"name": "Patch Management", "parent": 376, "description": ""}}, {"model": "projects.catalogitem", "pk": 371, "fields": {"name": "Software Auditing", "parent": 376, "description": ""}}, {"model": "projects.catalogitem", "pk": 372, "fields": {"name": "Anti-Virus Management", "parent": 376, "description": ""}}, {"model": "projects.catalogitem", "pk": 373, "fields": {"name": "EoL Software Management", "parent": 376, "description": ""}}, {"model": "projects.catalogitem", "pk": 374, "fields": {"name": "Auditing/Compliance", "parent": 13, "description": ""}}, {"model": "projects.catalogitem", "pk": 375, "fields": {"name": "Vendor Management", "parent": 383, "description": ""}}, {"model": "projects.catalogitem", "pk": 376, "fields": {"name": "Regulatory Audit Support", "parent": 383, "description": ""}}, {"model": "projects.catalogitem", "pk": 377, "fields": {"name": "Client Audit Support", "parent": 383, "description": ""}}, {"model": "projects.catalogitem", "pk": 378, "fields": {"name": "Questionnaire Reviews", "parent": 383, "description": ""}}, {"model": "projects.catalogitem", "pk": 379, "fields": {"name": "Internal Requirements and Design Review", "parent": 383, "description": ""}}, {"model": "projects.catalogitem", "pk": 380, "fields": {"name": "Legal Document Review", "parent": 383, "description": ""}}, {"model": "projects.catalogitem", "pk": 381, "fields": {"name": "Finding Remediation and Tracking", "parent": 383, "description": ""}}, {"model": "projects.catalogitem", "pk": 382, "fields": {"name": "User Access", "parent": 13, "description": ""}}, {"model": "projects.catalogitem", "pk": 383, "fields": {"name": "Access Reviews", "parent": 391, "description": ""}}, {"model": "projects.catalogitem", "pk": 384, "fields": {"name": "Access Approvals", "parent": 391, "description": ""}}, {"model": "projects.catalogitem", "pk": 385, "fields": {"name": "Firewalls", "parent": 13, "description": ""}}, {"model": "projects.catalogitem", "pk": 386, "fields": {"name": "Firewall Rule Review", "parent": 394, "description": ""}}, {"model": "projects.catalogitem", "pk": 387, "fields": {"name": "Firewall Rule Approval", "parent": 394, "description": ""}}, {"model": "projects.catalogitem", "pk": 388, "fields": {"name": "Firewall Rule Auditing", "parent": 394, "description": ""}}, {"model": "projects.catalogitem", "pk": 389, "fields": {"name": "Options and Services (IB IVR)", "parent": 2, "description": ""}}, {"model": "projects.catalogitem", "pk": 390, "fields": {"name": "ID and V (IB IVR)", "parent": 398, "description": ""}}, {"model": "projects.catalogitem", "pk": 391, "fields": {"name": "Account # (IB IVR)", "parent": 399, "description": ""}}, {"model": "projects.catalogitem", "pk": 392, "fields": {"name": "ANI (IB IVR)", "parent": 399, "description": ""}}, {"model": "projects.catalogitem", "pk": 393, "fields": {"name": "Primary Phone Number (IB IVR)", "parent": 399, "description": ""}}, {"model": "projects.catalogitem", "pk": 394, "fields": {"name": "Date of Birth (IB IVR)", "parent": 399, "description": ""}}, {"model": "projects.catalogitem", "pk": 395, "fields": {"name": "Express ID Plus (IB IVR)", "parent": 399, "description": ""}}, {"model": "projects.catalogitem", "pk": 396, "fields": {"name": "SSN4 (IB IVR)", "parent": 399, "description": ""}}, {"model": "projects.catalogitem", "pk": 397, "fields": {"name": "SSN9 (IB IVR)", "parent": 399, "description": ""}}, {"model": "projects.catalogitem", "pk": 398, "fields": {"name": "House/Building Number (Utilities only) (IB IVR)", "parent": 399, "description": ""}}, {"model": "projects.catalogitem", "pk": 399, "fields": {"name": "Account Information (IB IVR)", "parent": 398, "description": ""}}, {"model": "projects.catalogitem", "pk": 400, "fields": {"name": "Account Balance(s) (IB IVR)", "parent": 408, "description": ""}}, {"model": "projects.catalogitem", "pk": 401, "fields": {"name": "Request Forms (IB IVR)", "parent": 408, "description": ""}}, {"model": "projects.catalogitem", "pk": 402, "fields": {"name": "Transaction History (IB IVR)", "parent": 408, "description": ""}}, {"model": "projects.catalogitem", "pk": 403, "fields": {"name": "Update Account Information (IB IVR)", "parent": 408, "description": ""}}, {"model": "projects.catalogitem", "pk": 404, "fields": {"name": "Appointments (IB IVR)", "parent": 398, "description": ""}}, {"model": "projects.catalogitem", "pk": 405, "fields": {"name": "Appointment Details (IB IVR)", "parent": 413, "description": ""}}, {"model": "projects.catalogitem", "pk": 406, "fields": {"name": "Cancel Appointment (IB IVR)", "parent": 413, "description": ""}}, {"model": "projects.catalogitem", "pk": 407, "fields": {"name": "Locations and Directions (IB IVR)", "parent": 413, "description": ""}}, {"model": "projects.catalogitem", "pk": 408, "fields": {"name": "Reschedule Appointment (IB IVR)", "parent": 413, "description": ""}}, {"model": "projects.catalogitem", "pk": 409, "fields": {"name": "Schedule Appointment (IB IVR)", "parent": 413, "description": ""}}, {"model": "projects.catalogitem", "pk": 410, "fields": {"name": "General Services (IB IVR)", "parent": 398, "description": ""}}, {"model": "projects.catalogitem", "pk": 411, "fields": {"name": "Complaint/Report Issue", "parent": 419, "description": ""}}, {"model": "projects.catalogitem", "pk": 412, "fields": {"name": "Dealer/Office Locator (IB IVR)", "parent": 419, "description": ""}}, {"model": "projects.catalogitem", "pk": 413, "fields": {"name": "Disputes (IB IVR)", "parent": 419, "description": ""}}, {"model": "projects.catalogitem", "pk": 414, "fields": {"name": "FAQs / General Information (IB IVR)", "parent": 419, "description": ""}}, {"model": "projects.catalogitem", "pk": 415, "fields": {"name": "Technical Support (IB IVR)", "parent": 419, "description": ""}}, {"model": "projects.catalogitem", "pk": 416, "fields": {"name": "Commercial Services (IB IVR)", "parent": 398, "description": ""}}, {"model": "projects.catalogitem", "pk": 417, "fields": {"name": "Membership Enrollment (IB IVR)", "parent": 425, "description": ""}}, {"model": "projects.catalogitem", "pk": 418, "fields": {"name": "Moving / Transfer Services (IB IVR)", "parent": 425, "description": ""}}, {"model": "projects.catalogitem", "pk": 419, "fields": {"name": "Outage Services (Commercial) (IB IVR)", "parent": 425, "description": ""}}, {"model": "projects.catalogitem", "pk": 420, "fields": {"name": "Report Full Outage (Commercial) (IB IVR)", "parent": 428, "description": ""}}, {"model": "projects.catalogitem", "pk": 421, "fields": {"name": "Report Partial Outage (Commercial) (IB IVR)", "parent": 428, "description": ""}}, {"model": "projects.catalogitem", "pk": 422, "fields": {"name": "Check Outage Status (Commercial) (IB IVR)", "parent": 428, "description": ""}}, {"model": "projects.catalogitem", "pk": 423, "fields": {"name": "Points Redemption (IB IVR)", "parent": 425, "description": ""}}, {"model": "projects.catalogitem", "pk": 424, "fields": {"name": "Sales/New Service (IB IVR)", "parent": 425, "description": ""}}, {"model": "projects.catalogitem", "pk": 425, "fields": {"name": "Service Extension (Commercial) (IB IVR)", "parent": 425, "description": ""}}, {"model": "projects.catalogitem", "pk": 426, "fields": {"name": "Start Services (Commercial) (IB IVR)", "parent": 425, "description": ""}}, {"model": "projects.catalogitem", "pk": 427, "fields": {"name": "Stop Services (Commercial) (IB IVR)", "parent": 425, "description": ""}}, {"model": "projects.catalogitem", "pk": 428, "fields": {"name": "Money Services (IB IVR)", "parent": 398, "description": ""}}, {"model": "projects.catalogitem", "pk": 429, "fields": {"name": "Exchange Rates Lookup (IB IVR)", "parent": 437, "description": ""}}, {"model": "projects.catalogitem", "pk": 430, "fields": {"name": "Money Transfer Status (IB IVR)", "parent": 437, "description": ""}}, {"model": "projects.catalogitem", "pk": 431, "fields": {"name": "MoP Management (IB IVR)", "parent": 437, "description": ""}}, {"model": "projects.catalogitem", "pk": 432, "fields": {"name": "Send Money (IB IVR)", "parent": 55, "description": ""}}, {"model": "projects.catalogitem", "pk": 433, "fields": {"name": "Request Bill/Invoice (IB IVR)", "parent": 437, "description": ""}}, {"model": "projects.catalogitem", "pk": 434, "fields": {"name": "Payments (IB IVR)", "parent": 398, "description": ""}}, {"model": "projects.catalogitem", "pk": 435, "fields": {"name": "Deferred Payment Arrangement (IB IVR)", "parent": 443, "description": ""}}, {"model": "projects.catalogitem", "pk": 436, "fields": {"name": "One-time Payment (IB IVR)", "parent": 443, "description": ""}}, {"model": "projects.catalogitem", "pk": 437, "fields": {"name": "Payment Extension (IB IVR)", "parent": 443, "description": ""}}, {"model": "projects.catalogitem", "pk": 438, "fields": {"name": "Payment Locations (IB IVR)", "parent": 443, "description": ""}}, {"model": "projects.catalogitem", "pk": 439, "fields": {"name": "Promise to Pay (IB IVR)", "parent": 443, "description": ""}}, {"model": "projects.catalogitem", "pk": 440, "fields": {"name": "Recurring Payment (IB IVR)", "parent": 443, "description": ""}}, {"model": "projects.catalogitem", "pk": 441, "fields": {"name": "Payment Instruments (IB IVR)", "parent": 398, "description": ""}}, {"model": "projects.catalogitem", "pk": 442, "fields": {"name": "ACH (IB IVR)", "parent": 450, "description": ""}}, {"model": "projects.catalogitem", "pk": 443, "fields": {"name": "Debit (IB IVR)", "parent": 450, "description": ""}}, {"model": "projects.catalogitem", "pk": 444, "fields": {"name": "Credit Card (IB IVR)", "parent": 450, "description": ""}}, {"model": "projects.catalogitem", "pk": 445, "fields": {"name": "American Express (AMEX) (IB IVR)", "parent": 453, "description": ""}}, {"model": "projects.catalogitem", "pk": 446, "fields": {"name": "Discover (IB IVR)", "parent": 453, "description": ""}}, {"model": "projects.catalogitem", "pk": 447, "fields": {"name": "MasterCard (MC) (IB IVR)", "parent": 453, "description": ""}}, {"model": "projects.catalogitem", "pk": 448, "fields": {"name": "Visa (IB IVR)", "parent": 453, "description": ""}}, {"model": "projects.catalogitem", "pk": 449, "fields": {"name": "Orders (IB IVR)", "parent": 398, "description": ""}}, {"model": "projects.catalogitem", "pk": 450, "fields": {"name": "Place an Order (IB IVR)", "parent": 458, "description": ""}}, {"model": "projects.catalogitem", "pk": 451, "fields": {"name": "Order Status/Tracking (IB IVR)", "parent": 458, "description": ""}}, {"model": "projects.catalogitem", "pk": 452, "fields": {"name": "Return Order (IB IVR)", "parent": 458, "description": ""}}, {"model": "projects.catalogitem", "pk": 453, "fields": {"name": "Cancel Order (IB IVR)", "parent": 458, "description": ""}}, {"model": "projects.catalogitem", "pk": 454, "fields": {"name": "SMS Request (IB IVR)", "parent": 398, "description": ""}}, {"model": "projects.catalogitem", "pk": 455, "fields": {"name": "Text link to client mobile app", "parent": 463, "description": ""}}, {"model": "projects.catalogitem", "pk": 456, "fields": {"name": "Text Link to Map / Dealer Locator", "parent": 463, "description": ""}}, {"model": "projects.catalogitem", "pk": 457, "fields": {"name": "Utility Services (Utilities only) (IB IVR)", "parent": 398, "description": ""}}, {"model": "projects.catalogitem", "pk": 458, "fields": {"name": "Budget Billing (IB IVR)", "parent": 467, "description": ""}}, {"model": "projects.catalogitem", "pk": 459, "fields": {"name": "Enter Meter Reading (Utilities) (IB IVR)", "parent": 467, "description": ""}}, {"model": "projects.catalogitem", "pk": 460, "fields": {"name": "Moving / Transfer Services (Utilities) (IB IVR)", "parent": 467, "description": ""}}, {"model": "projects.catalogitem", "pk": 461, "fields": {"name": "Outage Services (Utilities) (IB IVR)", "parent": 467, "description": ""}}, {"model": "projects.catalogitem", "pk": 462, "fields": {"name": "Report Gas Emergency (Utilities) (IB IVR)", "parent": 471, "description": ""}}, {"model": "projects.catalogitem", "pk": 463, "fields": {"name": "Report Damaged Power Lines/Equipment (Utilities) (IB IVR)", "parent": 471, "description": ""}}, {"model": "projects.catalogitem", "pk": 464, "fields": {"name": "Report Down or Sparking Power Line (Utilities) (IB IVR)", "parent": 471, "description": ""}}, {"model": "projects.catalogitem", "pk": 465, "fields": {"name": "Check Outage Status (Utilities) (IB IVR)", "parent": 471, "description": ""}}, {"model": "projects.catalogitem", "pk": 466, "fields": {"name": "Report Partial Outage (Utilities) (IB IVR)", "parent": 471, "description": ""}}, {"model": "projects.catalogitem", "pk": 467, "fields": {"name": "Report Full Outage (Utilities) (IB IVR)", "parent": 471, "description": ""}}, {"model": "projects.catalogitem", "pk": 468, "fields": {"name": "Report Street Light Outage (Utilities) (IB IVR)", "parent": 471, "description": ""}}, {"model": "projects.catalogitem", "pk": 469, "fields": {"name": "Report Trees on Power Line (Utilities) (IB IVR)", "parent": 471, "description": ""}}, {"model": "projects.catalogitem", "pk": 470, "fields": {"name": "Restore Services / Disconnect Notice (Utilities) (IB IVR)", "parent": 467, "description": ""}}, {"model": "projects.catalogitem", "pk": 471, "fields": {"name": "Service Extension (Utilities) (IB IVR)", "parent": 467, "description": ""}}, {"model": "projects.catalogitem", "pk": 472, "fields": {"name": "Service Extension - Medical (Utilities) (IB IVR)", "parent": 467, "description": ""}}, {"model": "projects.catalogitem", "pk": 473, "fields": {"name": "Start Services (Utilities) (IB IVR)", "parent": 467, "description": ""}}, {"model": "projects.catalogitem", "pk": 474, "fields": {"name": "Stop Services (Utilities) (IB IVR)", "parent": 467, "description": ""}}, {"model": "projects.catalogitem", "pk": 475, "fields": {"name": "Options and Services (2-way SMS) (SMS2)", "parent": 4, "description": ""}}, {"model": "projects.catalogitem", "pk": 476, "fields": {"name": "Pay-Per-View Services (SMS2)", "parent": 485, "description": ""}}, {"model": "projects.catalogitem", "pk": 477, "fields": {"name": " Order PPV / Sporting Event (SMS2)", "parent": 486, "description": ""}}, {"model": "projects.catalogitem", "pk": 478, "fields": {"name": "Additional Options and Services (SMS2)", "parent": 485, "description": ""}}, {"model": "projects.catalogitem", "pk": 479, "fields": {"name": "Dealer Locator (SMS2)", "parent": 488, "description": ""}}, {"model": "projects.catalogitem", "pk": 480, "fields": {"name": "Text link to client mobile app (SMS2)", "parent": 488, "description": ""}}, {"model": "projects.catalogitem", "pk": 481, "fields": {"name": "Text link to client website (SMS2)", "parent": 488, "description": ""}}, {"model": "projects.catalogitem", "pk": 482, "fields": {"name": "Commercial Services (SMS2)", "parent": 485, "description": ""}}, {"model": "projects.catalogitem", "pk": 483, "fields": {"name": "Alarm/Security Notifications (SMS2)", "parent": 492, "description": ""}}, {"model": "projects.catalogitem", "pk": 484, "fields": {"name": "Update Phone/Contact Info (SMS2)", "parent": 492, "description": ""}}, {"model": "projects.catalogitem", "pk": 485, "fields": {"name": "Orders (SMS2)", "parent": 485, "description": ""}}, {"model": "projects.catalogitem", "pk": 486, "fields": {"name": "Order Status / Tracking (SMS2)", "parent": 495, "description": ""}}, {"model": "projects.catalogitem", "pk": 487, "fields": {"name": "Payments (SMS2)", "parent": 485, "description": ""}}, {"model": "projects.catalogitem", "pk": 488, "fields": {"name": "Payment Past-Due Notification (SMS2)", "parent": 487, "description": ""}}, {"model": "projects.catalogitem", "pk": 489, "fields": {"name": "Upcoming Payment Due Notification (SMS2)", "parent": 487, "description": ""}}, {"model": "projects.catalogitem", "pk": 490, "fields": {"name": "Utility Services (SMS2)", "parent": 475, "description": ""}}, {"model": "projects.catalogitem", "pk": 491, "fields": {"name": "Outage Notification (SMS2)", "parent": 490, "description": ""}}, {"model": "projects.catalogitem", "pk": 492, "fields": {"name": "Restoration Notification (SMS2)", "parent": 490, "description": ""}}, {"model": "projects.catalogitem", "pk": 493, "fields": {"name": "PaaS IB IVR (feature)", "parent": 10, "description": ""}}, {"model": "projects.catalogitem", "pk": 494, "fields": {"name": "Other Language (IB IVR)", "parent": 36, "description": ""}}, {"model": "projects.catalogitem", "pk": 495, "fields": {"name": "Other OB Voice Requirements", "parent": 3, "description": ""}}, {"model": "projects.language", "pk": 1, "fields": {"name": "Spanish", "root_path": "", "project": 23}}, {"model": "projects.language", "pk": 2, "fields": {"name": "English", "root_path": "", "project": 23}}, {"model": "projects.language", "pk": 4, "fields": {"name": "French Canadian", "root_path": "/voice/audio/american_express/payback/frcanadian", "project": 23}}, {"model": "projects.project", "pk": 1, "fields": {"name": "ComEd Test", "test_header": 69, "language": null, "version": "version2", "testrail": 18, "lead": null, "created": "2016-05-26T21:56:14.773Z", "updated": "2017-02-27T20:11:19.631Z", "catalog": [405, 417, 420, 422], "members": []}}, {"model": "projects.project", "pk": 2, "fields": {"name": "WNGCVS", "test_header": null, "language": null, "version": "version1", "testrail": 17, "lead": null, "created": "2016-06-01T16:44:28.159Z", "updated": "2016-08-26T16:45:58.456Z", "catalog": [], "members": []}}, {"model": "projects.project", "pk": 3, "fields": {"name": "AMC", "test_header": 69, "language": 4, "version": "mary", "testrail": 18, "lead": 1, "created": "2016-06-07T15:24:35.422Z", "updated": "2017-03-07T18:11:48.345Z", "catalog": [1, 3, 4], "members": [4]}}, {"model": "projects.project", "pk": 5, "fields": {"name": "ADT", "test_header": 69, "language": null, "version": "version2", "testrail": null, "lead": 1, "created": "2016-08-10T19:09:31.602Z", "updated": "2016-12-16T15:37:01.983Z", "catalog": [2, 4, 492], "members": [1]}}, {"model": "projects.project", "pk": 6, "fields": {"name": "Nationstar", "test_header": 73, "language": null, "version": "november", "testrail": 18, "lead": null, "created": "2016-08-16T18:32:51.701Z", "updated": "2016-11-09T16:50:10.720Z", "catalog": [2], "members": []}}, {"model": "projects.project", "pk": 7, "fields": {"name": "BRMS", "test_header": 72, "language": null, "version": "version2", "testrail": null, "lead": null, "created": "2016-08-26T16:07:32.056Z", "updated": "2016-09-13T16:54:33.207Z", "catalog": [], "members": []}}, {"model": "projects.project", "pk": 10, "fields": {"name": "Comcast", "test_header": null, "language": null, "version": "Phase1", "testrail": 23, "lead": null, "created": "2016-08-26T20:02:49.860Z", "updated": "2016-12-02T15:54:28.134Z", "catalog": [2, 3, 4, 5, 6, 7], "members": []}}, {"model": "projects.project", "pk": 15, "fields": {"name": "ceeq", "test_header": 84, "language": null, "version": "version1", "testrail": 18, "lead": null, "created": "2016-12-05T18:38:40.409Z", "updated": "2016-12-05T18:38:40.410Z", "catalog": [], "members": []}}, {"model": "projects.project", "pk": 16, "fields": {"name": "HAP", "test_header": 85, "language": null, "version": "MDTA Phase 1A", "testrail": 30, "lead": null, "created": "2016-12-05T19:07:22.274Z", "updated": "2017-02-21T21:01:48.432Z", "catalog": [2], "members": []}}, {"model": "projects.project", "pk": 17, "fields": {"name": "Sandbox", "test_header": 73, "language": null, "version": "1", "testrail": 18, "lead": null, "created": "2017-01-23T17:10:52.100Z", "updated": "2017-01-23T17:10:52.100Z", "catalog": [2], "members": []}}, {"model": "projects.project", "pk": 18, "fields": {"name": "FleetCor", "test_header": null, "language": null, "version": "fletcor", "testrail": 18, "lead": null, "created": "2017-02-08T22:03:23.457Z", "updated": "2017-02-08T22:03:23.457Z", "catalog": [], "members": []}}, {"model": "projects.project", "pk": 19, "fields": {"name": "ComEd", "test_header": 942, "language": null, "version": "test", "testrail": 18, "lead": null, "created": "2017-02-27T20:11:47.457Z", "updated": "2017-03-07T15:52:36.190Z", "catalog": [], "members": []}}, {"model": "projects.project", "pk": 22, "fields": {"name": "ComEd Sample", "test_header": null, "language": 2, "version": "1", "testrail": null, "lead": null, "created": "2017-03-03T21:34:01.934Z", "updated": "2017-03-03T21:34:01.934Z", "catalog": [], "members": []}}, {"model": "projects.project", "pk": 23, "fields": {"name": "NTest", "test_header": null, "language": null, "version": "1", "testrail": null, "lead": 10, "created": "2017-03-13T21:56:49.509Z", "updated": "2017-03-13T21:56:49.509Z", "catalog": [], "members": []}}, {"model": "projects.module", "pk": 7, "fields": {"name": "NoMatch/NoInput Behavior", "project": 1, "catalog": []}}, {"model": "projects.module", "pk": 8, "fields": {"name": "PreGreetingProcessing", "project": 1, "catalog": []}}, {"model": "projects.module", "pk": 9, "fields": {"name": "Greeting", "project": 1, "catalog": []}}, {"model": "projects.module", "pk": 10, "fields": {"name": "BroadcastMsgModule", "project": 1, "catalog": []}}, {"model": "projects.module", "pk": 11, "fields": {"name": "NewBusiness", "project": 1, "catalog": []}}, {"model": "projects.module", "pk": 12, "fields": {"name": "NoSelfServe Triggers", "project": 1, "catalog": []}}, {"model": "projects.module", "pk": 13, "fields": {"name": "CareMenu", "project": 1, "catalog": []}}, {"model": "projects.module", "pk": 14, "fields": {"name": "OutageReportUpdate", "project": 1, "catalog": []}}, {"model": "projects.module", "pk": 24, "fields": {"name": "ReportPayment", "project": 2, "catalog": []}}, {"model": "projects.module", "pk": 25, "fields": {"name": "BillingQuestions", "project": 2, "catalog": []}}, {"model": "projects.module", "pk": 26, "fields": {"name": "DuplicateBill", "project": 2, "catalog": []}}, {"model": "projects.module", "pk": 27, "fields": {"name": "BillHistory", "project": 2, "catalog": []}}, {"model": "projects.module", "pk": 28, "fields": {"name": "UpdatePhone", "project": 2, "catalog": []}}, {"model": "projects.module", "pk": 29, "fields": {"name": "EnergyChoice", "project": 2, "catalog": []}}, {"model": "projects.module", "pk": 31, "fields": {"name": "Whatever", "project": 1, "catalog": []}}, {"model": "projects.module", "pk": 34, "fields": {"name": "first module", "project": 5, "catalog": [2, 492]}}, {"model": "projects.module", "pk": 35, "fields": {"name": "Second module", "project": 5, "catalog": [4]}}, {"model": "projects.module", "pk": 36, "fields": {"name": "Caller Entry", "project": 6, "catalog": []}}, {"model": "projects.module", "pk": 37, "fields": {"name": "Caller Entry Routing", "project": 6, "catalog": []}}, {"model": "projects.module", "pk": 38, "fields": {"name": "Agent Reinsert", "project": 6, "catalog": []}}, {"model": "projects.module", "pk": 39, "fields": {"name": "Payment Menu", "project": 6, "catalog": []}}, {"model": "projects.module", "pk": 40, "fields": {"name": "Promise To Pay", "project": 6, "catalog": []}}, {"model": "projects.module", "pk": 41, "fields": {"name": "Request Payoff", "project": 6, "catalog": []}}, {"model": "projects.module", "pk": 42, "fields": {"name": "NL Main Menu", "project": 6, "catalog": []}}, {"model": "projects.module", "pk": 43, "fields": {"name": "ACT", "project": 6, "catalog": []}}, {"model": "projects.module", "pk": 44, "fields": {"name": "White Glove", "project": 6, "catalog": []}}, {"model": "projects.module", "pk": 45, "fields": {"name": "Loss Recovery", "project": 5, "catalog": []}}, {"model": "projects.module", "pk": 46, "fields": {"name": "Skip Trace Flow", "project": 6, "catalog": []}}, {"model": "projects.module", "pk": 47, "fields": {"name": "REO", "project": 5, "catalog": []}}, {"model": "projects.module", "pk": 48, "fields": {"name": "Loss Recovery", "project": 6, "catalog": []}}, {"model": "projects.module", "pk": 49, "fields": {"name": "REO", "project": 6, "catalog": []}}, {"model": "projects.module", "pk": 50, "fields": {"name": "Collateral", "project": 6, "catalog": []}}, {"model": "projects.module", "pk": 51, "fields": {"name": "Marketing", "project": 6, "catalog": []}}, {"model": "projects.module", "pk": 52, "fields": {"name": "Ask Loan Number", "project": 6, "catalog": []}}, {"model": "projects.module", "pk": 53, "fields": {"name": "No ANI ID&V", "project": 6, "catalog": []}}, {"model": "projects.module", "pk": 54, "fields": {"name": "Main Menu", "project": 6, "catalog": []}}, {"model": "projects.module", "pk": 55, "fields": {"name": "Third Module", "project": 5, "catalog": [4]}}, {"model": "projects.module", "pk": 56, "fields": {"name": "Account Information", "project": 6, "catalog": []}}, {"model": "projects.module", "pk": 57, "fields": {"name": "Contact Info", "project": 6, "catalog": []}}, {"model": "projects.module", "pk": 58, "fields": {"name": "Escrow", "project": 6, "catalog": []}}, {"model": "projects.module", "pk": 59, "fields": {"name": "Taxes", "project": 6, "catalog": []}}, {"model": "projects.module", "pk": 60, "fields": {"name": "Year End Taxes 1098", "project": 6, "catalog": []}}, {"model": "projects.module", "pk": 61, "fields": {"name": "Insurance", "project": 6, "catalog": []}}, {"model": "projects.module", "pk": 62, "fields": {"name": "Claims", "project": 6, "catalog": []}}, {"model": "projects.module", "pk": 63, "fields": {"name": "Private Mortgage Insurance", "project": 6, "catalog": []}}, {"model": "projects.module", "pk": 64, "fields": {"name": "Refinance", "project": 6, "catalog": []}}, {"model": "projects.module", "pk": 65, "fields": {"name": "new module", "project": 10, "catalog": []}}, {"model": "projects.module", "pk": 66, "fields": {"name": "PayLocations", "project": 10, "catalog": []}}, {"model": "projects.module", "pk": 67, "fields": {"name": "TransferService", "project": 10, "catalog": []}}, {"model": "projects.module", "pk": 68, "fields": {"name": "TextPayLocations", "project": 10, "catalog": []}}, {"model": "projects.module", "pk": 69, "fields": {"name": "TH holly", "project": null, "catalog": []}}, {"model": "projects.module", "pk": 72, "fields": {"name": "TH holly1", "project": null, "catalog": []}}, {"model": "projects.module", "pk": 73, "fields": {"name": "NSM Test Header", "project": null, "catalog": []}}, {"model": "projects.module", "pk": 84, "fields": {"name": "ceeq th", "project": null, "catalog": []}}, {"model": "projects.module", "pk": 85, "fields": {"name": "HAP Test Header", "project": null, "catalog": []}}, {"model": "projects.module", "pk": 86, "fields": {"name": "Start - Greeting", "project": 16, "catalog": [2]}}, {"model": "projects.module", "pk": 87, "fields": {"name": "Start", "project": 17, "catalog": [2]}}, {"model": "projects.module", "pk": 88, "fields": {"name": "Transfers", "project": 17, "catalog": []}}, {"model": "projects.module", "pk": 188, "fields": {"name": "CEEQ First", "project": 15, "catalog": []}}, {"model": "projects.module", "pk": 588, "fields": {"name": "GetMemberID", "project": 16, "catalog": []}}, {"model": "projects.module", "pk": 589, "fields": {"name": "Transfer", "project": 16, "catalog": []}}, {"model": "projects.module", "pk": 590, "fields": {"name": "PCPChange", "project": 16, "catalog": []}}, {"model": "projects.module", "pk": 591, "fields": {"name": "Eligibility", "project": 16, "catalog": []}}, {"model": "projects.module", "pk": 592, "fields": {"name": "ProviderDirectory", "project": 16, "catalog": []}}, {"model": "projects.module", "pk": 593, "fields": {"name": "MemberCard", "project": 16, "catalog": []}}, {"model": "projects.module", "pk": 594, "fields": {"name": "CallBack", "project": 16, "catalog": []}}, {"model": "projects.module", "pk": 595, "fields": {"name": "AHL-MMPayments", "project": 16, "catalog": []}}, {"model": "projects.module", "pk": 596, "fields": {"name": "PaymentAdress", "project": 16, "catalog": []}}, {"model": "projects.module", "pk": 597, "fields": {"name": "GovtMM", "project": 16, "catalog": []}}, {"model": "projects.module", "pk": 598, "fields": {"name": "HMO-PreMM", "project": 16, "catalog": []}}, {"model": "projects.module", "pk": 599, "fields": {"name": "HMO-MM", "project": 16, "catalog": []}}, {"model": "projects.module", "pk": 600, "fields": {"name": "AHL-PreMM", "project": 16, "catalog": []}}, {"model": "projects.module", "pk": 601, "fields": {"name": "AHL-MM", "project": 16, "catalog": []}}, {"model": "projects.module", "pk": 602, "fields": {"name": "GovtPreMM", "project": 16, "catalog": []}}, {"model": "projects.module", "pk": 768, "fields": {"name": "HoldProcedure", "project": 16, "catalog": []}}, {"model": "projects.module", "pk": 901, "fields": {"name": "PreGreetingProcessing", "project": 19, "catalog": []}}, {"model": "projects.module", "pk": 902, "fields": {"name": "Greeting", "project": 19, "catalog": []}}, {"model": "projects.module", "pk": 903, "fields": {"name": "New Business", "project": 19, "catalog": []}}, {"model": "projects.module", "pk": 906, "fields": {"name": "NewBusinessTriggers", "project": 19, "catalog": []}}, {"model": "projects.module", "pk": 941, "fields": {"name": "Emergency Menu", "project": 19, "catalog": []}}, {"model": "projects.module", "pk": 942, "fields": {"name": "ComEd Test Header", "project": null, "catalog": []}}, {"model": "projects.module", "pk": 1419, "fields": {"name": "Billing", "project": 17, "catalog": []}}, {"model": "projects.module", "pk": 1420, "fields": {"name": "AccountFound", "project": 3, "catalog": []}}, {"model": "projects.module", "pk": 1421, "fields": {"name": "AccountNotFound", "project": 3, "catalog": []}}, {"model": "projects.module", "pk": 1422, "fields": {"name": "AddANI", "project": 3, "catalog": []}}, {"model": "projects.module", "pk": 1423, "fields": {"name": "AutoPay", "project": 3, "catalog": []}}, {"model": "projects.module", "pk": 1424, "fields": {"name": "AutoPayAccount", "project": 3, "catalog": []}}, {"model": "projects.module", "pk": 1425, "fields": {"name": "AccountFound", "project": 23, "catalog": []}}, {"model": "projects.module", "pk": 1426, "fields": {"name": "AccountNotFound", "project": 23, "catalog": []}}, {"model": "projects.module", "pk": 1427, "fields": {"name": "AddANI", "project": 23, "catalog": []}}, {"model": "projects.module", "pk": 1428, "fields": {"name": "AutoPay", "project": 23, "catalog": []}}, {"model": "projects.module", "pk": 1429, "fields": {"name": "AutoPayAccount", "project": 23, "catalog": []}}, {"model": "projects.vuid", "pk": 48, "fields": {"project": 3, "filename": "RCN_2016 Prompt List.xlsx", "upload_date": "2017-03-03T19:56:02.552Z", "file": "1488570962553084_RCN_2016_Prompt_List.xlsx", "upload_by": 1}}, {"model": "projects.vuid", "pk": 49, "fields": {"project": 3, "filename": "AmexPaybackService_PromptList_EnglishAndSpanishMaster.xlsx", "upload_date": "2017-03-03T21:38:08.466Z", "file": "14885770884667957_AmexPaybackService_PromptList_EnglishAndSpanishMaster.xlsx", "upload_by": 10}}, {"model": "projects.vuid", "pk": 50, "fields": {"project": 22, "filename": "ComEdR2_EngV17.1SpanV7.1_01192016.xlsx", "upload_date": "2017-03-03T21:38:53.591Z", "file": "14885771335913384_ComEdR2_EngV17.1SpanV7.1_01192016.xlsx", "upload_by": 16}}, {"model": "projects.vuid", "pk": 51, "fields": {"project": 22, "filename": "ComEdPromplistfromVUI.xlsx", "upload_date": "2017-03-03T21:41:41.192Z", "file": "14885773011927178_ComEdPromplistfromVUI.xlsx", "upload_by": 10}}, {"model": "projects.vuid", "pk": 52, "fields": {"project": 22, "filename": "ComEdPromplistfromVUI.xlsx", "upload_date": "2017-03-03T21:43:34.587Z", "file": "14885774145877123_ComEdPromplistfromVUI.xlsx", "upload_by": 10}}, {"model": "projects.vuid", "pk": 53, "fields": {"project": 22, "filename": "ComEdPromplistfromVUI.xlsx", "upload_date": "2017-03-03T21:44:49.360Z", "file": "14885774893601484_ComEdPromplistfromVUI.xlsx", "upload_by": 10}}, {"model": "projects.vuid", "pk": 54, "fields": {"project": 22, "filename": "ComEdR2_EngV17.1SpanV7.1_01192016.xlsx", "upload_date": "2017-03-03T21:48:23.083Z", "file": "1488577703083879_ComEdR2_EngV17.1SpanV7.1_01192016.xlsx", "upload_by": 16}}, {"model": "projects.vuid", "pk": 55, "fields": {"project": 22, "filename": "ComEdPromplistfromVUI.xlsx", "upload_date": "2017-03-03T21:48:39.636Z", "file": "14885777196368_ComEdPromplistfromVUI.xlsx", "upload_by": 10}}, {"model": "projects.vuid", "pk": 56, "fields": {"project": 22, "filename": "RCN_2017_01 Prompt List.xlsx", "upload_date": "2017-03-03T21:50:21.149Z", "file": "14885778211490998_RCN_2017_01_Prompt_List.xlsx", "upload_by": 10}}, {"model": "projects.vuid", "pk": 57, "fields": {"project": 3, "filename": "RCN_2017_01 Prompt List.xlsx", "upload_date": "2017-03-03T21:53:03.272Z", "file": "14885779832724707_RCN_2017_01_Prompt_List.xlsx", "upload_by": 10}}, {"model": "projects.vuid", "pk": 58, "fields": {"project": 3, "filename": "ComEdPromplistfromVUI.xlsx", "upload_date": "2017-03-03T21:59:16.450Z", "file": "14885783564510064_ComEdPromplistfromVUI.xlsx", "upload_by": 10}}, {"model": "projects.vuid", "pk": 59, "fields": {"project": 3, "filename": "RCN_2016 Prompt List.xlsx", "upload_date": "2017-03-03T23:20:18.779Z", "file": "1488583218779676_RCN_2016_Prompt_List.xlsx", "upload_by": 10}}, {"model": "projects.vuid", "pk": 60, "fields": {"project": 22, "filename": "ComEdR2_EngV17.1SpanV7.1_01192016.xlsx", "upload_date": "2017-03-06T15:54:54.205Z", "file": "1488815694205494_ComEdR2_EngV17.1SpanV7.1_01192016.xlsx", "upload_by": 16}}, {"model": "projects.vuid", "pk": 61, "fields": {"project": 3, "filename": "ComEdR2_EngV17.1SpanV7.1_01192016.xlsx", "upload_date": "2017-03-07T18:09:01.634Z", "file": "14889101416346347_ComEdR2_EngV17.1SpanV7.1_01192016.xlsx", "upload_by": 1}}, {"model": "projects.vuid", "pk": 62, "fields": {"project": 3, "filename": "ComEdR2_EngV17.1SpanV7.1_01192016.xlsx", "upload_date": "2017-03-07T18:12:47.629Z", "file": "14889103676298134_ComEdR2_EngV17.1SpanV7.1_01192016.xlsx", "upload_by": 1}}, {"model": "projects.vuid", "pk": 63, "fields": {"project": 3, "filename": "AmexPaybackService_PromptList_EnglishAndSpanishMaster-30082016.xlsx", "upload_date": "2017-03-07T18:17:27.560Z", "file": "14889106475609004_AmexPaybackService_PromptList_EnglishAndSpanishMaster-30082016.xlsx", "upload_by": 1}}, {"model": "projects.vuid", "pk": 64, "fields": {"project": 3, "filename": "AmexPaybackService_PromptList_EnglishAndSpanishMaster.xlsx", "upload_date": "2017-03-07T18:18:27.095Z", "file": "14889107070957558_AmexPaybackService_PromptList_EnglishAndSpanishMaster.xlsx", "upload_by": 1}}, {"model": "projects.vuid", "pk": 65, "fields": {"project": 3, "filename": "ComEdR2_EngV17.1Span.xlsx", "upload_date": "2017-03-07T18:34:46.489Z", "file": "14889116864899528_ComEdR2_EngV17.1Span.xlsx", "upload_by": 1}}, {"model": "projects.vuid", "pk": 66, "fields": {"project": 3, "filename": "ComEdR2_EngV17.1Span.xlsx", "upload_date": "2017-03-07T20:34:00.361Z", "file": "14889188403614576_ComEdR2_EngV17.1Span.xlsx", "upload_by": 1}}, {"model": "projects.vuid", "pk": 67, "fields": {"project": 3, "filename": "ComEdR2_EngV17.1Span.xlsx", "upload_date": "2017-03-07T20:50:47.114Z", "file": "14889198471149_ComEdR2_EngV17.1Span.xlsx", "upload_by": 1}}, {"model": "projects.vuid", "pk": 68, "fields": {"project": 3, "filename": "ComEdR2_EngV17.1Span.xlsx", "upload_date": "2017-03-07T21:29:32.070Z", "file": "14889221720706213_ComEdR2_EngV17.1Span.xlsx", "upload_by": 1}}, {"model": "projects.vuid", "pk": 69, "fields": {"project": 3, "filename": "ComEdR2_EngV17.1Span.xlsx", "upload_date": "2017-03-07T21:54:58.034Z", "file": "14889236980346804_ComEdR2_EngV17.1Span.xlsx", "upload_by": 1}}, {"model": "projects.vuid", "pk": 70, "fields": {"project": 3, "filename": "ComEdR2_EngV17.1Span.xlsx", "upload_date": "2017-03-07T22:01:13.440Z", "file": "14889240734405231_ComEdR2_EngV17.1Span.xlsx", "upload_by": 1}}, {"model": "projects.vuid", "pk": 71, "fields": {"project": 3, "filename": "ComEdR2_EngV17.1Span.xlsx", "upload_date": "2017-03-07T22:03:08.380Z", "file": "14889241883805566_ComEdR2_EngV17.1Span.xlsx", "upload_by": 1}}, {"model": "projects.vuid", "pk": 72, "fields": {"project": 3, "filename": "ComEdR2_EngV17.1Span.xlsx", "upload_date": "2017-03-07T22:06:19.751Z", "file": "14889243797514524_ComEdR2_EngV17.1Span.xlsx", "upload_by": 1}}, {"model": "projects.vuid", "pk": 73, "fields": {"project": 3, "filename": "ComEdR2_EngV17.1Span.xlsx", "upload_date": "2017-03-07T22:17:04.195Z", "file": "14889250241953735_ComEdR2_EngV17.1Span.xlsx", "upload_by": 1}}, {"model": "projects.vuid", "pk": 74, "fields": {"project": 3, "filename": "ComEdR2_EngV17.1Span.xlsx", "upload_date": "2017-03-07T22:24:37.414Z", "file": "14889254774143653_ComEdR2_EngV17.1Span.xlsx", "upload_by": 1}}, {"model": "projects.vuid", "pk": 75, "fields": {"project": 3, "filename": "ComEdwSpanish.xlsx", "upload_date": "2017-03-07T22:40:53.221Z", "file": "14889264532219834_ComEdwSpanish.xlsx", "upload_by": 3}}, {"model": "projects.vuid", "pk": 76, "fields": {"project": 15, "filename": "rcn.xlsx", "upload_date": "2017-03-07T22:57:33.613Z", "file": "14889274536138554_rcn.xlsx", "upload_by": 2}}, {"model": "projects.vuid", "pk": 77, "fields": {"project": 15, "filename": "ComEdPromplistfromVUI.xlsx", "upload_date": "2017-03-07T23:02:23.629Z", "file": "14889277436298451_ComEdPromplistfromVUI.xlsx", "upload_by": 2}}, {"model": "projects.vuid", "pk": 78, "fields": {"project": 3, "filename": "ComEdR2_EngV17.1Span.xlsx", "upload_date": "2017-03-07T23:15:39.139Z", "file": "1488928539139349_ComEdR2_EngV17.1Span.xlsx", "upload_by": 1}}, {"model": "projects.vuid", "pk": 79, "fields": {"project": 3, "filename": "ComEdR2_EngV17.1Span.xlsx", "upload_date": "2017-03-07T23:17:50.525Z", "file": "14889286705254157_ComEdR2_EngV17.1Span.xlsx", "upload_by": 1}}, {"model": "projects.vuid", "pk": 80, "fields": {"project": 3, "filename": "ComEdR2_EngV17.1Span.xlsx", "upload_date": "2017-03-07T23:22:08.844Z", "file": "14889289288450122_ComEdR2_EngV17.1Span.xlsx", "upload_by": 1}}, {"model": "projects.vuid", "pk": 81, "fields": {"project": 3, "filename": "ComEdR2_EngV17.1Span.xlsx", "upload_date": "2017-03-07T23:24:31.314Z", "file": "148892907131489_ComEdR2_EngV17.1Span.xlsx", "upload_by": 1}}, {"model": "projects.vuid", "pk": 82, "fields": {"project": 3, "filename": "ComEdR2_EngV17.1Span.xlsx", "upload_date": "2017-03-07T23:25:15.632Z", "file": "14889291156324701_ComEdR2_EngV17.1Span.xlsx", "upload_by": 1}}, {"model": "projects.vuid", "pk": 83, "fields": {"project": 3, "filename": "ComEdR2_EngV17.1Span.xlsx", "upload_date": "2017-03-07T23:28:29.060Z", "file": "1488929309060757_ComEdR2_EngV17.1Span.xlsx", "upload_by": 1}}, {"model": "projects.vuid", "pk": 84, "fields": {"project": 3, "filename": "ComEdR2_EngV17.1Span.xlsx", "upload_date": "2017-03-07T23:29:11.954Z", "file": "14889293519548535_ComEdR2_EngV17.1Span.xlsx", "upload_by": 1}}, {"model": "projects.vuid", "pk": 85, "fields": {"project": 3, "filename": "ComEdR2_EngV17.1Span.xlsx", "upload_date": "2017-03-07T23:30:32.806Z", "file": "1488929432806321_ComEdR2_EngV17.1Span.xlsx", "upload_by": 1}}, {"model": "projects.vuid", "pk": 86, "fields": {"project": 3, "filename": "ComEdR2_EngV17.1Span.xlsx", "upload_date": "2017-03-07T23:33:16.127Z", "file": "14889295961276503_ComEdR2_EngV17.1Span.xlsx", "upload_by": 1}}, {"model": "projects.vuid", "pk": 87, "fields": {"project": 3, "filename": "ComEdR2_EngV17.1Span.xlsx", "upload_date": "2017-03-07T23:34:08.233Z", "file": "14889296482339344_ComEdR2_EngV17.1Span.xlsx", "upload_by": 1}}, {"model": "projects.vuid", "pk": 88, "fields": {"project": 3, "filename": "RCN_2016 Prompt List.xlsx", "upload_date": "2017-03-07T23:35:36.927Z", "file": "14889297369275575_RCN_2016_Prompt_List.xlsx", "upload_by": 1}}, {"model": "projects.vuid", "pk": 89, "fields": {"project": 3, "filename": "RCN_2016 Prompt List.xlsx", "upload_date": "2017-03-07T23:35:54.930Z", "file": "14889297549306626_RCN_2016_Prompt_List.xlsx", "upload_by": 1}}, {"model": "projects.vuid", "pk": 90, "fields": {"project": 3, "filename": "ComEdR2_EngV17.1Span.xlsx", "upload_date": "2017-03-07T23:36:45.457Z", "file": "1488929805457771_ComEdR2_EngV17.1Span.xlsx", "upload_by": 1}}, {"model": "projects.vuid", "pk": 91, "fields": {"project": 3, "filename": "RCN_2016 Prompt List.xlsx", "upload_date": "2017-03-07T23:37:03.945Z", "file": "14889298239454503_RCN_2016_Prompt_List.xlsx", "upload_by": 1}}, {"model": "projects.vuid", "pk": 92, "fields": {"project": 3, "filename": "RCN_2016 Prompt List.xlsx", "upload_date": "2017-03-07T23:38:35.143Z", "file": "14889299151434891_RCN_2016_Prompt_List.xlsx", "upload_by": 1}}, {"model": "projects.vuid", "pk": 93, "fields": {"project": 3, "filename": "RCN_2016 Prompt List.xlsx", "upload_date": "2017-03-07T23:40:04.793Z", "file": "14889300047930863_RCN_2016_Prompt_List.xlsx", "upload_by": 1}}, {"model": "projects.vuid", "pk": 94, "fields": {"project": 3, "filename": "RCN_2016 Prompt List.xlsx", "upload_date": "2017-03-07T23:41:06.133Z", "file": "1488930066134044_RCN_2016_Prompt_List.xlsx", "upload_by": 1}}, {"model": "projects.vuid", "pk": 95, "fields": {"project": 3, "filename": "AmexPaybackService_PromptList_EnglishAndSpanishMaster.xlsx", "upload_date": "2017-03-07T23:42:52.193Z", "file": "14889301721938694_AmexPaybackService_PromptList_EnglishAndSpanishMaster.xlsx", "upload_by": 1}}, {"model": "projects.vuid", "pk": 96, "fields": {"project": 3, "filename": "ComEdR2_EngV17.1Span.xlsx", "upload_date": "2017-03-07T23:44:44.724Z", "file": "14889302847245607_ComEdR2_EngV17.1Span.xlsx", "upload_by": 1}}, {"model": "projects.vuid", "pk": 97, "fields": {"project": 3, "filename": "ComEdR2_EngV17.1Span.xlsx", "upload_date": "2017-03-07T23:48:49.388Z", "file": "14889305293881452_ComEdR2_EngV17.1Span.xlsx", "upload_by": 1}}, {"model": "projects.vuid", "pk": 98, "fields": {"project": 3, "filename": "ComEdR2_EngV17.1Span.xlsx", "upload_date": "2017-03-07T23:51:14.128Z", "file": "14889306741283135_ComEdR2_EngV17.1Span.xlsx", "upload_by": 1}}, {"model": "projects.vuid", "pk": 99, "fields": {"project": 3, "filename": "ComEdR2_EngV17.1Span.xlsx", "upload_date": "2017-03-08T00:01:41.105Z", "file": "14889313011054683_ComEdR2_EngV17.1Span.xlsx", "upload_by": 1}}, {"model": "projects.vuid", "pk": 100, "fields": {"project": 3, "filename": "ComEdR2_EngV17.1Span.xlsx", "upload_date": "2017-03-08T00:02:21.627Z", "file": "14889313416278944_ComEdR2_EngV17.1Span.xlsx", "upload_by": 1}}, {"model": "projects.vuid", "pk": 101, "fields": {"project": 3, "filename": "ComEdR2_EngV17.1Span.xlsx", "upload_date": "2017-03-08T00:07:23.940Z", "file": "1488931643940278_ComEdR2_EngV17.1Span.xlsx", "upload_by": 1}}, {"model": "projects.vuid", "pk": 102, "fields": {"project": 3, "filename": "ComEdR2_EngV17.1Span.xlsx", "upload_date": "2017-03-08T00:10:53.760Z", "file": "1488931853760969_ComEdR2_EngV17.1Span.xlsx", "upload_by": 1}}, {"model": "projects.vuid", "pk": 103, "fields": {"project": 3, "filename": "ComEdR2_EngV17.1Span.xlsx", "upload_date": "2017-03-08T00:18:31.158Z", "file": "14889323111581352_ComEdR2_EngV17.1Span.xlsx", "upload_by": 1}}, {"model": "projects.vuid", "pk": 104, "fields": {"project": 3, "filename": "ComEdR2_EngV17.1Span.xlsx", "upload_date": "2017-03-08T00:21:34.192Z", "file": "14889324941923459_ComEdR2_EngV17.1Span.xlsx", "upload_by": 1}}, {"model": "projects.vuid", "pk": 105, "fields": {"project": 3, "filename": "ComEdR2_EngV17.1Span.xlsx", "upload_date": "2017-03-08T00:22:12.491Z", "file": "14889325324919677_ComEdR2_EngV17.1Span.xlsx", "upload_by": 1}}, {"model": "projects.vuid", "pk": 106, "fields": {"project": 3, "filename": "ComEdR2_EngV17.1Span.xlsx", "upload_date": "2017-03-08T00:46:28.573Z", "file": "14889339885737362_ComEdR2_EngV17.1Span.xlsx", "upload_by": 1}}, {"model": "projects.vuid", "pk": 107, "fields": {"project": 3, "filename": "ComEdR2_EngV17.1Span.xlsx", "upload_date": "2017-03-08T00:47:06.931Z", "file": "14889340269312117_ComEdR2_EngV17.1Span.xlsx", "upload_by": 1}}, {"model": "projects.vuid", "pk": 108, "fields": {"project": 3, "filename": "ComEdR2_EngV17.1Span.xlsx", "upload_date": "2017-03-08T00:49:02.888Z", "file": "14889341428889837_ComEdR2_EngV17.1Span.xlsx", "upload_by": 1}}, {"model": "projects.vuid", "pk": 109, "fields": {"project": 3, "filename": "ComEdR2_EngV17.1Span.xlsx", "upload_date": "2017-03-08T00:50:40.784Z", "file": "1488934240784757_ComEdR2_EngV17.1Span.xlsx", "upload_by": 1}}, {"model": "projects.vuid", "pk": 110, "fields": {"project": 3, "filename": "ComEdR2_EngV17.1Span.xlsx", "upload_date": "2017-03-08T00:51:22.992Z", "file": "14889342829926333_ComEdR2_EngV17.1Span.xlsx", "upload_by": 1}}, {"model": "projects.vuid", "pk": 111, "fields": {"project": 3, "filename": "ComEdR2_EngV17.1Span.xlsx", "upload_date": "2017-03-08T00:55:21.659Z", "file": "1488934521659235_ComEdR2_EngV17.1Span.xlsx", "upload_by": 1}}, {"model": "projects.vuid", "pk": 112, "fields": {"project": 3, "filename": "ComEdR2_EngV17.1Span.xlsx", "upload_date": "2017-03-08T00:56:50.801Z", "file": "14889346108013573_ComEdR2_EngV17.1Span.xlsx", "upload_by": 1}}, {"model": "projects.vuid", "pk": 113, "fields": {"project": 3, "filename": "ComEdR2_EngV17.1Span.xlsx", "upload_date": "2017-03-08T00:57:35.376Z", "file": "14889346553770447_ComEdR2_EngV17.1Span.xlsx", "upload_by": 1}}, {"model": "projects.vuid", "pk": 114, "fields": {"project": 3, "filename": "ComEdR2_EngV17.1Span.xlsx", "upload_date": "2017-03-08T00:59:23.638Z", "file": "14889347636388788_ComEdR2_EngV17.1Span.xlsx", "upload_by": 1}}, {"model": "projects.vuid", "pk": 115, "fields": {"project": 3, "filename": "ComEdR2_EngV17.1Span.xlsx", "upload_date": "2017-03-08T01:03:04.564Z", "file": "14889349845648046_ComEdR2_EngV17.1Span.xlsx", "upload_by": 1}}, {"model": "projects.vuid", "pk": 116, "fields": {"project": 3, "filename": "ComEdR2_EngV17.1Span.xlsx", "upload_date": "2017-03-08T01:07:21.603Z", "file": "14889352416037445_ComEdR2_EngV17.1Span.xlsx", "upload_by": 1}}, {"model": "projects.vuid", "pk": 117, "fields": {"project": 3, "filename": "ComEdR2_EngV17.1Span.xlsx", "upload_date": "2017-03-08T01:11:32.676Z", "file": "14889354926766553_ComEdR2_EngV17.1Span.xlsx", "upload_by": 1}}, {"model": "projects.vuid", "pk": 118, "fields": {"project": 3, "filename": "ComEdR2_EngV17.1Span.xlsx", "upload_date": "2017-03-08T01:12:11.317Z", "file": "14889355313176088_ComEdR2_EngV17.1Span.xlsx", "upload_by": 1}}, {"model": "projects.vuid", "pk": 119, "fields": {"project": 3, "filename": "ComEdR2_EngV17.1Span.xlsx", "upload_date": "2017-03-08T01:13:09.495Z", "file": "14889355894950712_ComEdR2_EngV17.1Span.xlsx", "upload_by": 1}}, {"model": "projects.vuid", "pk": 120, "fields": {"project": 3, "filename": "ComEdR2_EngV17.1Span.xlsx", "upload_date": "2017-03-08T01:25:26.070Z", "file": "14889363260707088_ComEdR2_EngV17.1Span.xlsx", "upload_by": 1}}, {"model": "projects.vuid", "pk": 121, "fields": {"project": 3, "filename": "ComEdR2_EngV17.1Span.xlsx", "upload_date": "2017-03-08T01:26:09.882Z", "file": "14889363698823159_ComEdR2_EngV17.1Span.xlsx", "upload_by": 1}}, {"model": "projects.vuid", "pk": 122, "fields": {"project": 3, "filename": "ComEdR2_EngV17.1Span.xlsx", "upload_date": "2017-03-08T01:26:51.880Z", "file": "1488936411880294_ComEdR2_EngV17.1Span.xlsx", "upload_by": 1}}, {"model": "projects.vuid", "pk": 123, "fields": {"project": 3, "filename": "ComEdR2_EngV17.1Span.xlsx", "upload_date": "2017-03-08T01:28:38.975Z", "file": "14889365189756327_ComEdR2_EngV17.1Span.xlsx", "upload_by": 1}}, {"model": "projects.vuid", "pk": 124, "fields": {"project": 3, "filename": "ComEdR2_EngV17.1Span.xlsx", "upload_date": "2017-03-08T01:29:24.678Z", "file": "14889365646786187_ComEdR2_EngV17.1Span.xlsx", "upload_by": 1}}, {"model": "projects.vuid", "pk": 125, "fields": {"project": 3, "filename": "ComEdR2_EngV17.1Span.xlsx", "upload_date": "2017-03-08T01:30:31.440Z", "file": "14889366314410439_ComEdR2_EngV17.1Span.xlsx", "upload_by": 1}}, {"model": "projects.vuid", "pk": 126, "fields": {"project": 3, "filename": "ComEdR2_EngV17.1Span.xlsx", "upload_date": "2017-03-08T01:35:12.716Z", "file": "14889369127165115_ComEdR2_EngV17.1Span.xlsx", "upload_by": 1}}, {"model": "projects.vuid", "pk": 127, "fields": {"project": 3, "filename": "ComEdR2_EngV17.1Span.xlsx", "upload_date": "2017-03-08T01:39:56.171Z", "file": "14889371961712146_ComEdR2_EngV17.1Span.xlsx", "upload_by": 1}}, {"model": "projects.vuid", "pk": 128, "fields": {"project": 3, "filename": "ComEdR2_EngV17.1Span.xlsx", "upload_date": "2017-03-08T01:44:54.144Z", "file": "14889374941445394_ComEdR2_EngV17.1Span.xlsx", "upload_by": 1}}, {"model": "projects.vuid", "pk": 129, "fields": {"project": 3, "filename": "ComEdR2_EngV17.1Span.xlsx", "upload_date": "2017-03-08T01:46:57.000Z", "file": "14889376170009978_ComEdR2_EngV17.1Span.xlsx", "upload_by": 1}}, {"model": "projects.vuid", "pk": 130, "fields": {"project": 3, "filename": "ComEdR2_EngV17.1Span.xlsx", "upload_date": "2017-03-08T02:02:32.766Z", "file": "14889385527665815_ComEdR2_EngV17.1Span.xlsx", "upload_by": 1}}, {"model": "projects.vuid", "pk": 131, "fields": {"project": 3, "filename": "ComEdR2_EngV17.1Span.xlsx", "upload_date": "2017-03-08T02:03:25.283Z", "file": "14889386052836266_ComEdR2_EngV17.1Span.xlsx", "upload_by": 1}}, {"model": "projects.vuid", "pk": 132, "fields": {"project": 3, "filename": "ComEdR2_EngV17.1Span.xlsx", "upload_date": "2017-03-08T02:04:30.700Z", "file": "14889386707007987_ComEdR2_EngV17.1Span.xlsx", "upload_by": 1}}, {"model": "projects.vuid", "pk": 133, "fields": {"project": 3, "filename": "ComEdR2_EngV17.1Span.xlsx", "upload_date": "2017-03-08T02:05:19.244Z", "file": "14889387192449615_ComEdR2_EngV17.1Span.xlsx", "upload_by": 1}}, {"model": "projects.vuid", "pk": 134, "fields": {"project": 3, "filename": "ComEdR2_EngV17.1Span.xlsx", "upload_date": "2017-03-08T02:06:46.931Z", "file": "14889388069314349_ComEdR2_EngV17.1Span.xlsx", "upload_by": 1}}, {"model": "projects.vuid", "pk": 135, "fields": {"project": 3, "filename": "ComEdR2_EngV17.1Span.xlsx", "upload_date": "2017-03-08T02:09:31.662Z", "file": "1488938971662403_ComEdR2_EngV17.1Span.xlsx", "upload_by": 1}}, {"model": "projects.vuid", "pk": 136, "fields": {"project": 3, "filename": "ComEdR2_EngV17.1Span.xlsx", "upload_date": "2017-03-08T02:15:30.441Z", "file": "14889393304414973_ComEdR2_EngV17.1Span.xlsx", "upload_by": 1}}, {"model": "projects.vuid", "pk": 137, "fields": {"project": 3, "filename": "ComEdR2_EngV17.1Span.xlsx", "upload_date": "2017-03-08T02:20:31.979Z", "file": "1488939631979987_ComEdR2_EngV17.1Span.xlsx", "upload_by": 1}}, {"model": "projects.vuid", "pk": 138, "fields": {"project": 3, "filename": "ComEdR2_EngV17.1Span.xlsx", "upload_date": "2017-03-08T02:25:07.058Z", "file": "14889399070586557_ComEdR2_EngV17.1Span.xlsx", "upload_by": 1}}, {"model": "projects.vuid", "pk": 139, "fields": {"project": 3, "filename": "ComEdR2_EngV17.1Span.xlsx", "upload_date": "2017-03-08T02:26:09.468Z", "file": "1488939969469_ComEdR2_EngV17.1Span.xlsx", "upload_by": 1}}, {"model": "projects.vuid", "pk": 140, "fields": {"project": 3, "filename": "ComEdR2_EngV17.1Span.xlsx", "upload_date": "2017-03-08T02:30:00.905Z", "file": "14889402009056995_ComEdR2_EngV17.1Span.xlsx", "upload_by": 1}}, {"model": "projects.vuid", "pk": 141, "fields": {"project": 3, "filename": "ComEdR2_EngV17.1Span.xlsx", "upload_date": "2017-03-08T02:30:14.307Z", "file": "14889402143075194_ComEdR2_EngV17.1Span.xlsx", "upload_by": 1}}, {"model": "projects.vuid", "pk": 142, "fields": {"project": 3, "filename": "ComEdR2_EngV17.1Span.xlsx", "upload_date": "2017-03-08T02:31:37.671Z", "file": "14889402976713984_ComEdR2_EngV17.1Span.xlsx", "upload_by": 1}}, {"model": "projects.vuid", "pk": 143, "fields": {"project": 3, "filename": "ComEdR2_EngV17.1Span.xlsx", "upload_date": "2017-03-08T02:32:14.313Z", "file": "14889403343130906_ComEdR2_EngV17.1Span.xlsx", "upload_by": 1}}, {"model": "projects.vuid", "pk": 144, "fields": {"project": 3, "filename": "ComEdR2_EngV17.1Span.xlsx", "upload_date": "2017-03-08T02:34:10.525Z", "file": "1488940450525577_ComEdR2_EngV17.1Span.xlsx", "upload_by": 1}}, {"model": "projects.vuid", "pk": 145, "fields": {"project": 3, "filename": "ComEdR2_EngV17.1Span.xlsx", "upload_date": "2017-03-08T02:39:08.332Z", "file": "14889407483326404_ComEdR2_EngV17.1Span.xlsx", "upload_by": 1}}, {"model": "projects.vuid", "pk": 146, "fields": {"project": 3, "filename": "ComEdR2_EngV17.1Span.xlsx", "upload_date": "2017-03-08T02:41:07.561Z", "file": "14889408675614364_ComEdR2_EngV17.1Span.xlsx", "upload_by": 1}}, {"model": "projects.vuid", "pk": 147, "fields": {"project": 3, "filename": "ComEdR2_EngV17.1Span.xlsx", "upload_date": "2017-03-08T02:42:55.420Z", "file": "1488940975420928_ComEdR2_EngV17.1Span.xlsx", "upload_by": 1}}, {"model": "projects.vuid", "pk": 148, "fields": {"project": 3, "filename": "ComEdR2_EngV17.1Span.xlsx", "upload_date": "2017-03-08T02:45:18.521Z", "file": "1488941118521733_ComEdR2_EngV17.1Span.xlsx", "upload_by": 1}}, {"model": "projects.vuid", "pk": 149, "fields": {"project": 3, "filename": "ComEdR2_EngV17.1Span.xlsx", "upload_date": "2017-03-08T02:48:34.029Z", "file": "1488941314030531_ComEdR2_EngV17.1Span.xlsx", "upload_by": 1}}, {"model": "projects.vuid", "pk": 150, "fields": {"project": 3, "filename": "ComEdR2_EngV17.1Span.xlsx", "upload_date": "2017-03-08T02:50:09.603Z", "file": "1488941409603092_ComEdR2_EngV17.1Span.xlsx", "upload_by": 1}}, {"model": "projects.vuid", "pk": 151, "fields": {"project": 3, "filename": "ComEdR2_EngV17.1Span.xlsx", "upload_date": "2017-03-08T02:52:12.316Z", "file": "14889415323162692_ComEdR2_EngV17.1Span.xlsx", "upload_by": 1}}, {"model": "projects.vuid", "pk": 152, "fields": {"project": 3, "filename": "ComEdR2_EngV17.1Span.xlsx", "upload_date": "2017-03-08T02:53:30.091Z", "file": "1488941610091986_ComEdR2_EngV17.1Span.xlsx", "upload_by": 1}}, {"model": "projects.vuid", "pk": 153, "fields": {"project": 3, "filename": "ComEdR2_EngV17.1Span.xlsx", "upload_date": "2017-03-08T02:56:01.403Z", "file": "14889417614030952_ComEdR2_EngV17.1Span.xlsx", "upload_by": 1}}, {"model": "projects.vuid", "pk": 154, "fields": {"project": 3, "filename": "ComEdR2_EngV17.1Span.xlsx", "upload_date": "2017-03-08T02:56:42.171Z", "file": "14889418021715083_ComEdR2_EngV17.1Span.xlsx", "upload_by": 1}}, {"model": "projects.vuid", "pk": 155, "fields": {"project": 3, "filename": "ComEdR2_EngV17.1Span.xlsx", "upload_date": "2017-03-08T03:02:14.741Z", "file": "148894213474149_ComEdR2_EngV17.1Span.xlsx", "upload_by": 1}}, {"model": "projects.vuid", "pk": 156, "fields": {"project": 3, "filename": "ComEdR2_EngV17.1Span.xlsx", "upload_date": "2017-03-08T03:05:16.377Z", "file": "14889423163775308_ComEdR2_EngV17.1Span.xlsx", "upload_by": 1}}, {"model": "projects.vuid", "pk": 157, "fields": {"project": 3, "filename": "ComEdR2_EngV17.1Span.xlsx", "upload_date": "2017-03-08T03:07:50.743Z", "file": "14889424707440617_ComEdR2_EngV17.1Span.xlsx", "upload_by": 1}}, {"model": "projects.vuid", "pk": 158, "fields": {"project": 3, "filename": "AmexPaybackService_PromptList_EnglishAndSpanishMaster.xlsx", "upload_date": "2017-03-08T03:16:30.350Z", "file": "14889429903504217_AmexPaybackService_PromptList_EnglishAndSpanishMaster.xlsx", "upload_by": 1}}, {"model": "projects.vuid", "pk": 159, "fields": {"project": 3, "filename": "AmexPaybackService_PromptList_EnglishAndSpanishMaster.xlsx", "upload_date": "2017-03-08T03:18:22.663Z", "file": "14889431026633925_AmexPaybackService_PromptList_EnglishAndSpanishMaster.xlsx", "upload_by": 1}}, {"model": "projects.vuid", "pk": 160, "fields": {"project": 3, "filename": "ComEdR2_EngV17.1Span.xlsx", "upload_date": "2017-03-08T03:22:42.900Z", "file": "14889433629002445_ComEdR2_EngV17.1Span.xlsx", "upload_by": 1}}, {"model": "projects.vuid", "pk": 161, "fields": {"project": 3, "filename": "AmexPaybackService_PromptList_EnglishAndSpanishMaster.xlsx", "upload_date": "2017-03-08T03:25:39.468Z", "file": "14889435394686418_AmexPaybackService_PromptList_EnglishAndSpanishMaster.xlsx", "upload_by": 1}}, {"model": "projects.vuid", "pk": 162, "fields": {"project": 3, "filename": "ComEdR2_EngV17.1Span.xlsx", "upload_date": "2017-03-08T03:27:58.575Z", "file": "14889436785752468_ComEdR2_EngV17.1Span.xlsx", "upload_by": 1}}, {"model": "projects.vuid", "pk": 163, "fields": {"project": 3, "filename": "AmexPaybackService_PromptList_EnglishAndSpanishMaster.xlsx", "upload_date": "2017-03-08T03:28:29.449Z", "file": "14889437094498281_AmexPaybackService_PromptList_EnglishAndSpanishMaster.xlsx", "upload_by": 1}}, {"model": "projects.vuid", "pk": 164, "fields": {"project": 3, "filename": "ComEdR2_EngV17.1Span.xlsx", "upload_date": "2017-03-08T03:28:45.988Z", "file": "1488943725989089_ComEdR2_EngV17.1Span.xlsx", "upload_by": 1}}, {"model": "projects.vuid", "pk": 165, "fields": {"project": 3, "filename": "ComEdR2_EngV17.1Span.xlsx", "upload_date": "2017-03-08T03:32:57.994Z", "file": "14889439779950926_ComEdR2_EngV17.1Span.xlsx", "upload_by": 1}}, {"model": "projects.vuid", "pk": 166, "fields": {"project": 3, "filename": "ComEdR2_EngV17.1Span.xlsx", "upload_date": "2017-03-08T03:45:31.875Z", "file": "14889447318760393_ComEdR2_EngV17.1Span.xlsx", "upload_by": 1}}, {"model": "projects.vuid", "pk": 167, "fields": {"project": 3, "filename": "ComEdR2_EngV17.1Span.xlsx", "upload_date": "2017-03-08T03:46:16.036Z", "file": "14889447760365212_ComEdR2_EngV17.1Span.xlsx", "upload_by": 1}}, {"model": "projects.vuid", "pk": 168, "fields": {"project": 3, "filename": "ComEdR2_EngV17.1Span.xlsx", "upload_date": "2017-03-08T03:51:29.082Z", "file": "14889450890830874_ComEdR2_EngV17.1Span.xlsx", "upload_by": 1}}, {"model": "projects.vuid", "pk": 169, "fields": {"project": 3, "filename": "ComEdR2_EngV17.1Span.xlsx", "upload_date": "2017-03-08T03:56:05.847Z", "file": "14889453658478987_ComEdR2_EngV17.1Span.xlsx", "upload_by": 1}}, {"model": "projects.vuid", "pk": 170, "fields": {"project": 3, "filename": "ComEdR2_EngV17.1Span.xlsx", "upload_date": "2017-03-08T04:00:02.497Z", "file": "1488945602497766_ComEdR2_EngV17.1Span.xlsx", "upload_by": 1}}, {"model": "projects.vuid", "pk": 171, "fields": {"project": 3, "filename": "ComEdR2_EngV17.1Span.xlsx", "upload_date": "2017-03-08T04:06:21.065Z", "file": "14889459810651743_ComEdR2_EngV17.1Span.xlsx", "upload_by": 1}}, {"model": "projects.vuid", "pk": 172, "fields": {"project": 3, "filename": "ComEdR2_EngV17.1Span.xlsx", "upload_date": "2017-03-08T04:10:57.727Z", "file": "14889462577273543_ComEdR2_EngV17.1Span.xlsx", "upload_by": 1}}, {"model": "projects.vuid", "pk": 173, "fields": {"project": 3, "filename": "ComEdR2_EngV17.1Span.xlsx", "upload_date": "2017-03-08T04:11:35.818Z", "file": "14889462958186288_ComEdR2_EngV17.1Span.xlsx", "upload_by": 1}}, {"model": "projects.vuid", "pk": 174, "fields": {"project": 3, "filename": "ComEdR2_EngV17.1Span.xlsx", "upload_date": "2017-03-08T04:19:48.250Z", "file": "14889467882509797_ComEdR2_EngV17.1Span.xlsx", "upload_by": 1}}, {"model": "projects.vuid", "pk": 175, "fields": {"project": 3, "filename": "ComEdR2_EngV17.1Span.xlsx", "upload_date": "2017-03-08T04:20:56.692Z", "file": "14889468566922426_ComEdR2_EngV17.1Span.xlsx", "upload_by": 1}}, {"model": "projects.vuid", "pk": 176, "fields": {"project": 3, "filename": "ComEdR2_EngV17.1Span.xlsx", "upload_date": "2017-03-08T04:22:56.155Z", "file": "1488946976155814_ComEdR2_EngV17.1Span.xlsx", "upload_by": 1}}, {"model": "projects.vuid", "pk": 177, "fields": {"project": 3, "filename": "ComEdR2_EngV17.1Span.xlsx", "upload_date": "2017-03-08T04:24:36.381Z", "file": "14889470763811278_ComEdR2_EngV17.1Span.xlsx", "upload_by": 1}}, {"model": "projects.vuid", "pk": 178, "fields": {"project": 3, "filename": "ComEdR2_EngV17.1Span.xlsx", "upload_date": "2017-03-08T04:25:41.287Z", "file": "14889471412879117_ComEdR2_EngV17.1Span.xlsx", "upload_by": 1}}, {"model": "projects.vuid", "pk": 179, "fields": {"project": 3, "filename": "ComEdR2_EngV17.1Span.xlsx", "upload_date": "2017-03-08T04:30:51.192Z", "file": "1488947451192141_ComEdR2_EngV17.1Span.xlsx", "upload_by": 1}}, {"model": "projects.vuid", "pk": 180, "fields": {"project": 3, "filename": "AmexPaybackService_PromptList_EnglishAndSpanishMaster.xlsx", "upload_date": "2017-03-08T04:32:03.252Z", "file": "14889475232525496_AmexPaybackService_PromptList_EnglishAndSpanishMaster.xlsx", "upload_by": 1}}, {"model": "projects.vuid", "pk": 181, "fields": {"project": 3, "filename": "ComEdR2_EngV17.1Span.xlsx", "upload_date": "2017-03-08T04:34:43.190Z", "file": "1488947683190289_ComEdR2_EngV17.1Span.xlsx", "upload_by": 1}}, {"model": "projects.vuid", "pk": 182, "fields": {"project": 3, "filename": "ComEdR2_EngV17.1Span.xlsx", "upload_date": "2017-03-08T04:39:29.810Z", "file": "14889479698103886_ComEdR2_EngV17.1Span.xlsx", "upload_by": 1}}, {"model": "projects.vuid", "pk": 183, "fields": {"project": 3, "filename": "ComEdR2_EngV17.1Span.xlsx", "upload_date": "2017-03-08T04:41:51.333Z", "file": "14889481113335829_ComEdR2_EngV17.1Span.xlsx", "upload_by": 1}}, {"model": "projects.vuid", "pk": 184, "fields": {"project": 3, "filename": "ComEdR2_EngV17.1Span.xlsx", "upload_date": "2017-03-08T04:44:49.363Z", "file": "14889482893632934_ComEdR2_EngV17.1Span.xlsx", "upload_by": 1}}, {"model": "projects.vuid", "pk": 185, "fields": {"project": 3, "filename": "ComEdR2_EngV17.1Span.xlsx", "upload_date": "2017-03-08T04:47:20.309Z", "file": "1488948440309741_ComEdR2_EngV17.1Span.xlsx", "upload_by": 1}}, {"model": "projects.vuid", "pk": 186, "fields": {"project": 3, "filename": "ComEdR2_EngV17.1Span.xlsx", "upload_date": "2017-03-08T04:48:10.210Z", "file": "14889484902108495_ComEdR2_EngV17.1Span.xlsx", "upload_by": 1}}, {"model": "projects.vuid", "pk": 187, "fields": {"project": 3, "filename": "ComEdR2_EngV17.1Span.xlsx", "upload_date": "2017-03-08T04:50:18.424Z", "file": "14889486184246829_ComEdR2_EngV17.1Span.xlsx", "upload_by": 1}}, {"model": "projects.vuid", "pk": 188, "fields": {"project": 3, "filename": "ComEdR2_EngV17.1Span.xlsx", "upload_date": "2017-03-08T04:53:49.121Z", "file": "14889488291219106_ComEdR2_EngV17.1Span.xlsx", "upload_by": 1}}, {"model": "projects.vuid", "pk": 189, "fields": {"project": 3, "filename": "ComEdR2_EngV17.1Span.xlsx", "upload_date": "2017-03-08T05:00:11.980Z", "file": "1488949211980982_ComEdR2_EngV17.1Span.xlsx", "upload_by": 1}}, {"model": "projects.vuid", "pk": 190, "fields": {"project": 3, "filename": "ComEdR2_EngV17.1Span.xlsx", "upload_date": "2017-03-08T05:01:59.804Z", "file": "14889493198047059_ComEdR2_EngV17.1Span.xlsx", "upload_by": 1}}, {"model": "projects.vuid", "pk": 191, "fields": {"project": 3, "filename": "ComEdR2_EngV17.1Span.xlsx", "upload_date": "2017-03-08T05:05:25.912Z", "file": "14889495259121928_ComEdR2_EngV17.1Span.xlsx", "upload_by": 1}}, {"model": "projects.vuid", "pk": 192, "fields": {"project": 3, "filename": "ComEdR2_EngV17.1Span.xlsx", "upload_date": "2017-03-08T05:08:11.701Z", "file": "14889496917011373_ComEdR2_EngV17.1Span.xlsx", "upload_by": 1}}, {"model": "projects.vuid", "pk": 193, "fields": {"project": 3, "filename": "ComEdR2_EngV17.1Span.xlsx", "upload_date": "2017-03-08T05:09:40.842Z", "file": "1488949780842248_ComEdR2_EngV17.1Span.xlsx", "upload_by": 1}}, {"model": "projects.vuid", "pk": 194, "fields": {"project": 3, "filename": "ComEdR2_EngV17.1Span.xlsx", "upload_date": "2017-03-08T05:11:46.474Z", "file": "14889499064744344_ComEdR2_EngV17.1Span.xlsx", "upload_by": 1}}, {"model": "projects.vuid", "pk": 195, "fields": {"project": 3, "filename": "ComEdR2_EngV17.1Span.xlsx", "upload_date": "2017-03-08T05:12:57.773Z", "file": "1488949977773656_ComEdR2_EngV17.1Span.xlsx", "upload_by": 1}}, {"model": "projects.vuid", "pk": 196, "fields": {"project": 3, "filename": "RCN_2016 Prompt List.xlsx", "upload_date": "2017-03-08T05:14:16.443Z", "file": "14889500564436255_RCN_2016_Prompt_List.xlsx", "upload_by": 1}}, {"model": "projects.vuid", "pk": 197, "fields": {"project": 3, "filename": "RCN_2016 Prompt List.xlsx", "upload_date": "2017-03-08T05:17:05.934Z", "file": "14889502259346912_RCN_2016_Prompt_List.xlsx", "upload_by": 1}}, {"model": "projects.vuid", "pk": 198, "fields": {"project": 3, "filename": "AmexPaybackService_PromptList_EnglishAndSpanishMaster.xlsx", "upload_date": "2017-03-08T05:17:57.186Z", "file": "14889502771869059_AmexPaybackService_PromptList_EnglishAndSpanishMaster.xlsx", "upload_by": 1}}, {"model": "projects.vuid", "pk": 199, "fields": {"project": 3, "filename": "AmexPaybackService_PromptList_EnglishAndSpanishMaster.xlsx", "upload_date": "2017-03-08T05:19:26.356Z", "file": "14889503663570824_AmexPaybackService_PromptList_EnglishAndSpanishMaster.xlsx", "upload_by": 1}}, {"model": "projects.vuid", "pk": 200, "fields": {"project": 3, "filename": "AmexPaybackService_PromptList_EnglishAndSpanishMaster.xlsx", "upload_date": "2017-03-08T05:19:54.750Z", "file": "14889503947503555_AmexPaybackService_PromptList_EnglishAndSpanishMaster.xlsx", "upload_by": 1}}, {"model": "projects.vuid", "pk": 201, "fields": {"project": 3, "filename": "ComEdR2_EngV17.1Span.xlsx", "upload_date": "2017-03-08T05:20:46.771Z", "file": "148895044677165_ComEdR2_EngV17.1Span.xlsx", "upload_by": 1}}, {"model": "projects.vuid", "pk": 202, "fields": {"project": 3, "filename": "RCN_2016 Prompt List.xlsx", "upload_date": "2017-03-08T05:22:11.940Z", "file": "1488950531940497_RCN_2016_Prompt_List.xlsx", "upload_by": 1}}, {"model": "projects.vuid", "pk": 203, "fields": {"project": 3, "filename": "ComEdR2_EngV17.1Span.xlsx", "upload_date": "2017-03-08T05:23:25.197Z", "file": "14889506051980524_ComEdR2_EngV17.1Span.xlsx", "upload_by": 1}}, {"model": "projects.vuid", "pk": 204, "fields": {"project": 3, "filename": "ComEdR2_EngV17.1Span.xlsx", "upload_date": "2017-03-08T05:27:10.298Z", "file": "1488950830298717_ComEdR2_EngV17.1Span.xlsx", "upload_by": 1}}, {"model": "projects.vuid", "pk": 205, "fields": {"project": 3, "filename": "ComEdR2_EngV17.1Span.xlsx", "upload_date": "2017-03-08T05:28:20.079Z", "file": "14889509000799253_ComEdR2_EngV17.1Span.xlsx", "upload_by": 1}}, {"model": "projects.vuid", "pk": 206, "fields": {"project": 3, "filename": "ComEdR2_EngV17.1Span.xlsx", "upload_date": "2017-03-08T05:30:39.168Z", "file": "14889510391697314_ComEdR2_EngV17.1Span.xlsx", "upload_by": 1}}, {"model": "projects.vuid", "pk": 207, "fields": {"project": 3, "filename": "ComEdR2_EngV17.1Span.xlsx", "upload_date": "2017-03-08T05:48:54.458Z", "file": "1488952134458979_ComEdR2_EngV17.1Span.xlsx", "upload_by": 1}}, {"model": "projects.vuid", "pk": 208, "fields": {"project": 3, "filename": "AmexPaybackService_PromptList_EnglishAndSpanishMaster.xlsx", "upload_date": "2017-03-08T05:52:31.951Z", "file": "14889523519518282_AmexPaybackService_PromptList_EnglishAndSpanishMaster.xlsx", "upload_by": 1}}, {"model": "projects.vuid", "pk": 209, "fields": {"project": 3, "filename": "RCN_2016 Prompt List.xlsx", "upload_date": "2017-03-08T05:57:32.703Z", "file": "14889526527033916_RCN_2016_Prompt_List.xlsx", "upload_by": 1}}, {"model": "projects.vuid", "pk": 210, "fields": {"project": 3, "filename": "RCN_2016 Prompt List.xlsx", "upload_date": "2017-03-08T05:58:55.246Z", "file": "14889527352469184_RCN_2016_Prompt_List.xlsx", "upload_by": 1}}, {"model": "projects.vuid", "pk": 211, "fields": {"project": 3, "filename": "AmexPaybackService_PromptList_EnglishAndSpanishMaster.xlsx", "upload_date": "2017-03-08T05:59:26.066Z", "file": "14889527660667236_AmexPaybackService_PromptList_EnglishAndSpanishMaster.xlsx", "upload_by": 1}}, {"model": "projects.vuid", "pk": 212, "fields": {"project": 3, "filename": "ComEdR2_EngV17.1Span.xlsx", "upload_date": "2017-03-08T05:59:53.629Z", "file": "14889527936294172_ComEdR2_EngV17.1Span.xlsx", "upload_by": 1}}, {"model": "projects.vuid", "pk": 213, "fields": {"project": 3, "filename": "AmexPaybackService_PromptList_EnglishAndSpanishMaster.xlsx", "upload_date": "2017-03-08T06:05:17.628Z", "file": "14889531176288447_AmexPaybackService_PromptList_EnglishAndSpanishMaster.xlsx", "upload_by": 1}}, {"model": "projects.vuid", "pk": 214, "fields": {"project": 3, "filename": "AmexPaybackService_PromptList_EnglishAndSpanishMaster.xlsx", "upload_date": "2017-03-08T06:07:13.322Z", "file": "14889532333225977_AmexPaybackService_PromptList_EnglishAndSpanishMaster.xlsx", "upload_by": 1}}, {"model": "projects.vuid", "pk": 215, "fields": {"project": 3, "filename": "AmexPaybackService_PromptList_EnglishAndSpanishMaster.xlsx", "upload_date": "2017-03-08T06:08:50.358Z", "file": "14889533303581948_AmexPaybackService_PromptList_EnglishAndSpanishMaster.xlsx", "upload_by": 1}}, {"model": "projects.vuid", "pk": 216, "fields": {"project": 3, "filename": "AmexPaybackService_PromptList_EnglishAndSpanishMaster.xlsx", "upload_date": "2017-03-08T06:10:25.338Z", "file": "14889534253384364_AmexPaybackService_PromptList_EnglishAndSpanishMaster.xlsx", "upload_by": 1}}, {"model": "projects.vuid", "pk": 217, "fields": {"project": 3, "filename": "AmexPaybackService_PromptList_EnglishAndSpanishMaster.xlsx", "upload_date": "2017-03-08T06:13:15.015Z", "file": "1488953595015382_AmexPaybackService_PromptList_EnglishAndSpanishMaster.xlsx", "upload_by": 1}}, {"model": "projects.vuid", "pk": 218, "fields": {"project": 3, "filename": "AmexPaybackService_PromptList_EnglishAndSpanishMaster.xlsx", "upload_date": "2017-03-08T06:15:21.289Z", "file": "14889537212891371_AmexPaybackService_PromptList_EnglishAndSpanishMaster.xlsx", "upload_by": 1}}, {"model": "projects.vuid", "pk": 219, "fields": {"project": 3, "filename": "AmexPaybackService_PromptList_EnglishAndSpanishMaster.xlsx", "upload_date": "2017-03-08T06:19:51.241Z", "file": "1488953991241682_AmexPaybackService_PromptList_EnglishAndSpanishMaster.xlsx", "upload_by": 1}}, {"model": "projects.vuid", "pk": 220, "fields": {"project": 3, "filename": "AmexPaybackService_PromptList_EnglishAndSpanishMaster.xlsx", "upload_date": "2017-03-08T06:19:52.682Z", "file": "14889539926828392_AmexPaybackService_PromptList_EnglishAndSpanishMaster.xlsx", "upload_by": 1}}, {"model": "projects.vuid", "pk": 221, "fields": {"project": 3, "filename": "AmexPaybackService_PromptList_EnglishAndSpanishMaster.xlsx", "upload_date": "2017-03-08T06:21:51.789Z", "file": "14889541117900903_AmexPaybackService_PromptList_EnglishAndSpanishMaster.xlsx", "upload_by": 1}}, {"model": "projects.vuid", "pk": 222, "fields": {"project": 3, "filename": "AmexPaybackService_PromptList_EnglishAndSpanishMaster.xlsx", "upload_date": "2017-03-08T06:23:33.611Z", "file": "14889542136113079_AmexPaybackService_PromptList_EnglishAndSpanishMaster.xlsx", "upload_by": 1}}, {"model": "projects.vuid", "pk": 223, "fields": {"project": 3, "filename": "AmexPaybackService_PromptList_EnglishAndSpanishMaster.xlsx", "upload_date": "2017-03-08T06:26:33.694Z", "file": "1488954393694327_AmexPaybackService_PromptList_EnglishAndSpanishMaster.xlsx", "upload_by": 1}}, {"model": "projects.vuid", "pk": 224, "fields": {"project": 3, "filename": "AmexPaybackService_PromptList_EnglishAndSpanishMaster.xlsx", "upload_date": "2017-03-08T06:28:00.119Z", "file": "14889544801193347_AmexPaybackService_PromptList_EnglishAndSpanishMaster.xlsx", "upload_by": 1}}, {"model": "projects.vuid", "pk": 225, "fields": {"project": 3, "filename": "AmexPaybackService_PromptList_EnglishAndSpanishMaster.xlsx", "upload_date": "2017-03-08T06:29:59.024Z", "file": "14889545990242922_AmexPaybackService_PromptList_EnglishAndSpanishMaster.xlsx", "upload_by": 1}}, {"model": "projects.vuid", "pk": 226, "fields": {"project": 3, "filename": "AmexPaybackService_PromptList_EnglishAndSpanishMaster.xlsx", "upload_date": "2017-03-08T06:31:19.367Z", "file": "14889546793672888_AmexPaybackService_PromptList_EnglishAndSpanishMaster.xlsx", "upload_by": 1}}, {"model": "projects.vuid", "pk": 227, "fields": {"project": 3, "filename": "AmexPaybackService_PromptList_EnglishAndSpanishMaster.xlsx", "upload_date": "2017-03-08T06:34:35.891Z", "file": "14889548758917058_AmexPaybackService_PromptList_EnglishAndSpanishMaster.xlsx", "upload_by": 1}}, {"model": "projects.vuid", "pk": 228, "fields": {"project": 3, "filename": "AmexPaybackService_PromptList_EnglishAndSpanishMaster.xlsx", "upload_date": "2017-03-08T06:36:21.520Z", "file": "14889549815205467_AmexPaybackService_PromptList_EnglishAndSpanishMaster.xlsx", "upload_by": 1}}, {"model": "projects.vuid", "pk": 229, "fields": {"project": 3, "filename": "RCN_2016 Prompt List.xlsx", "upload_date": "2017-03-08T06:38:08.909Z", "file": "14889550889099786_RCN_2016_Prompt_List.xlsx", "upload_by": 1}}, {"model": "projects.vuid", "pk": 230, "fields": {"project": 3, "filename": "ComEdR2_EngV17.1Span.xlsx", "upload_date": "2017-03-08T06:38:37.203Z", "file": "14889551172036595_ComEdR2_EngV17.1Span.xlsx", "upload_by": 1}}, {"model": "projects.vuid", "pk": 231, "fields": {"project": 3, "filename": "ComEdR2_EngV17.1Span.xlsx", "upload_date": "2017-03-08T06:39:35.284Z", "file": "1488955175284206_ComEdR2_EngV17.1Span.xlsx", "upload_by": 1}}, {"model": "projects.vuid", "pk": 232, "fields": {"project": 3, "filename": "AmexPaybackService_PromptList_EnglishAndSpanishMaster.xlsx", "upload_date": "2017-03-08T06:43:27.203Z", "file": "1488955407203906_AmexPaybackService_PromptList_EnglishAndSpanishMaster.xlsx", "upload_by": 1}}, {"model": "projects.vuid", "pk": 233, "fields": {"project": 3, "filename": "AmexPaybackService_PromptList_EnglishAndSpanishMaster.xlsx", "upload_date": "2017-03-08T06:44:04.451Z", "file": "14889554444511447_AmexPaybackService_PromptList_EnglishAndSpanishMaster.xlsx", "upload_by": 1}}, {"model": "projects.vuid", "pk": 234, "fields": {"project": 3, "filename": "AmexPaybackService_PromptList_EnglishAndSpanishMaster.xlsx", "upload_date": "2017-03-08T06:48:17.342Z", "file": "1488955697342263_AmexPaybackService_PromptList_EnglishAndSpanishMaster.xlsx", "upload_by": 1}}, {"model": "projects.vuid", "pk": 235, "fields": {"project": 3, "filename": "RCN_2016 Prompt List.xlsx", "upload_date": "2017-03-08T06:48:52.096Z", "file": "14889557320966127_RCN_2016_Prompt_List.xlsx", "upload_by": 1}}, {"model": "projects.vuid", "pk": 236, "fields": {"project": 3, "filename": "ComEdR2_EngV17.1Span.xlsx", "upload_date": "2017-03-08T06:49:09.571Z", "file": "14889557495716126_ComEdR2_EngV17.1Span.xlsx", "upload_by": 1}}, {"model": "projects.vuid", "pk": 237, "fields": {"project": 3, "filename": "RCN_2016 Prompt List.xlsx", "upload_date": "2017-03-08T06:51:29.442Z", "file": "14889558894423633_RCN_2016_Prompt_List.xlsx", "upload_by": 1}}, {"model": "projects.vuid", "pk": 238, "fields": {"project": 3, "filename": "AmexPaybackService_PromptList_EnglishAndSpanishMaster.xlsx", "upload_date": "2017-03-08T06:51:51.448Z", "file": "1488955911448378_AmexPaybackService_PromptList_EnglishAndSpanishMaster.xlsx", "upload_by": 1}}, {"model": "projects.vuid", "pk": 239, "fields": {"project": 3, "filename": "ComEdR2_EngV17.1Span.xlsx", "upload_date": "2017-03-08T06:52:22.774Z", "file": "14889559427744286_ComEdR2_EngV17.1Span.xlsx", "upload_by": 1}}, {"model": "projects.vuid", "pk": 240, "fields": {"project": 3, "filename": "AmexPaybackService_PromptList_EnglishAndSpanishMaster-30082016.xlsx", "upload_date": "2017-03-09T17:02:27.939Z", "file": "1489078947939156_AmexPaybackService_PromptList_EnglishAndSpanishMaster-30082016.xlsx", "upload_by": 1}}, {"model": "projects.vuid", "pk": 245, "fields": {"project": 3, "filename": "ComEdPromplistfromVUI.xlsx", "upload_date": "2017-03-09T22:32:13.016Z", "file": "14890987330163634_ComEdPromplistfromVUI.xlsx", "upload_by": 1}}, {"model": "projects.vuid", "pk": 248, "fields": {"project": 3, "filename": "ComEdPromplistfromVUI.xlsx", "upload_date": "2017-03-09T22:35:58.821Z", "file": "1489098958821854_ComEdPromplistfromVUI.xlsx", "upload_by": 1}}, {"model": "projects.vuid", "pk": 251, "fields": {"project": 3, "filename": "Copy of ComEdPromplistfromVUI.xlsx", "upload_date": "2017-03-09T22:39:11.196Z", "file": "148909915119636_Copy_of_ComEdPromplistfromVUI.xlsx", "upload_by": 1}}, {"model": "projects.vuid", "pk": 257, "fields": {"project": 3, "filename": "AmexPaybackService_PromptList_EnglishAndSpanishMaster-30082016.xlsx", "upload_date": "2017-03-09T22:57:12.020Z", "file": "14891002320203547_AmexPaybackService_PromptList_EnglishAndSpanishMaster-30082016.xlsx", "upload_by": 1}}, {"model": "projects.vuid", "pk": 258, "fields": {"project": 3, "filename": "ComEdPromplistfromVUI.xlsx", "upload_date": "2017-03-09T22:58:25.929Z", "file": "14891003059292336_ComEdPromplistfromVUI.xlsx", "upload_by": 1}}, {"model": "projects.vuid", "pk": 259, "fields": {"project": 3, "filename": "ComEdPromplistfromVUI.xlsx", "upload_date": "2017-03-09T23:00:10.257Z", "file": "1489100410257783_ComEdPromplistfromVUI.xlsx", "upload_by": 1}}, {"model": "projects.vuid", "pk": 260, "fields": {"project": 3, "filename": "ComEdR2_EngV17.1Span.xlsx", "upload_date": "2017-03-13T20:15:28.587Z", "file": "14894361285870957_ComEdR2_EngV17.1Span.xlsx", "upload_by": 1}}, {"model": "projects.vuid", "pk": 261, "fields": {"project": 23, "filename": "ComEdR2_EngV17.1Span.xlsx", "upload_date": "2017-03-13T21:58:07.730Z", "file": "14894422877302759_ComEdR2_EngV17.1Span.xlsx", "upload_by": 1}}]